Ticker,Semana,Close,RSI,RSI_max_5a,Fecha_max,RSI_min_5a,Fecha_min,Posicion,Semanas_ventana,Semanas_totales,Lectura
MCD,2026-09-30,230.94,22.94,72.62,2024-10-18,22.94,2026-09-30,0.0,260,2962,piso de 5 anios
KOID,2026-09-30,35.73,46.35,80.11,2025-10-03,44.72,2026-03-27,4.61,56,70,piso de 56 semanas
USAR,2026-09-30,14.08,40.23,95.4,2024-12-13,37.08,2025-03-28,5.41,154,168,piso de 154 semanas
XPEV,2026-09-30,9.56,28.39,82.31,2025-03-14,25.08,2022-10-28,5.77,260,319,piso de 5 anios
TDG,2026-09-30,1082.6,36.81,80.79,2024-02-23,33.31,2026-03-27,7.37,260,1073,piso de 5 anios
HESAY,2026-09-30,150.7,31.24,78.21,2021-11-19,26.94,2026-03-27,8.39,260,893,piso de 5 anios
NOC,2026-09-30,483.48,35.6,79.75,2026-03-06,31.26,2026-06-26,8.95,260,2336,piso de 5 anios
ATAT,2026-09-30,32.62,42.87,79.46,2024-10-04,36.66,2025-04-11,14.51,190,204,parte baja
CASH,2026-09-30,71.14,32.98,78.71,2021-10-22,24.7,2022-05-20,15.32,260,1724,parte baja
WMT,2026-09-30,103.92,38.78,86.82,2024-12-06,29.76,2022-05-20,15.8,260,2824,parte baja
CB,2026-09-30,325.25,44.31,81.17,2024-02-23,36.53,2023-03-24,17.42,260,2196,parte baja
COST,2026-09-30,910.34,42.06,83.28,2021-11-26,31.71,2022-05-20,20.07,260,2100,parte baja
FSLR,2026-09-30,175.16,38.01,78.85,2024-05-24,27.73,2025-03-28,20.1,260,1038,parte baja
GLD,2026-09-30,380.84,42.49,85.17,2025-10-17,31.5,2022-09-23,20.49,260,1142,parte baja
NEE,2026-09-30,75.74,30.75,77.27,2024-05-31,18.68,2023-10-06,20.6,260,2261,parte baja
RRX,2026-09-30,155.11,36.91,79.07,2026-02-13,25.31,2025-04-04,21.58,260,2236,parte baja
BABA,2026-09-30,107.54,40.72,81.92,2025-10-03,27.25,2022-03-11,24.63,260,629,parte baja
LMT,2026-09-30,509.25,42.18,86.5,2024-10-18,26.48,2023-10-06,26.16,260,2596,
BATT,2026-09-30,14.3,42.91,82.19,2025-10-03,27.49,2024-02-02,28.18,260,435,
MCHI,2026-09-30,52.19,39.3,78.39,2024-10-04,22.76,2022-10-28,29.72,260,810,
FLEX,2026-09-30,109.99,49.18,90.57,2026-05-08,31.58,2025-04-04,29.84,260,1699,
ENSG,2026-09-30,172.0,46.48,82.14,2024-08-30,31.26,2021-10-22,29.91,260,987,
BCH,2026-09-30,40.01,49.86,81.93,2026-02-06,35.66,2021-10-15,30.68,260,1291,
TSLA,2026-09-30,354.81,45.65,86.27,2021-11-05,27.43,2023-01-06,30.96,260,849,
RCL,2026-09-30,265.86,45.37,86.08,2024-12-06,27.1,2022-06-17,30.98,260,1745,
IONQ,2026-09-30,43.86,50.18,88.38,2024-12-06,32.69,2022-07-01,31.4,260,300,
JPM,2026-09-30,330.83,48.03,84.75,2024-03-28,30.43,2022-03-11,32.4,260,2232,
RGTI,2026-09-30,15.74,45.21,97.91,2025-01-03,18.56,2022-03-18,33.58,260,285,
LLY,2026-09-30,1157.08,54.14,83.83,2023-09-08,36.61,2025-08-08,37.13,260,2836,
GOOGL,2026-09-30,344.08,50.97,83.23,2025-12-05,31.2,2025-04-04,38.01,260,1155,
IBDRY,2026-09-30,93.22,53.46,82.97,2025-04-17,34.27,2022-10-14,39.41,260,1004,
UNH,2026-09-30,367.08,44.41,72.02,2021-12-31,24.35,2025-08-01,42.08,260,1906,
SCCO,2026-09-30,202.64,57.34,88.61,2026-02-27,32.0,2022-07-15,44.76,260,1605,
CRCL,2026-09-30,82.17,48.35,60.71,2026-03-20,37.79,2026-07-17,46.07,56,70,
CVX,2026-09-30,204.21,57.85,84.99,2026-03-27,34.46,2024-09-06,46.28,260,2962,
QCOM,2026-09-30,184.04,52.19,78.27,2024-05-24,28.25,2025-04-04,47.87,260,1816,
COIN,2026-09-30,186.41,51.37,82.2,2023-12-22,20.64,2022-05-20,49.92,260,286,
QTUM,2026-09-30,151.62,57.12,82.17,2026-05-29,30.53,2022-10-14,51.5,260,422,
NOVT,2026-09-30,142.19,48.74,73.3,2021-11-05,18.38,2025-04-04,55.28,260,561,
MU,2026-09-30,1065.11,63.96,87.96,2026-01-30,31.94,2022-06-17,57.15,260,1951,
DAL,2026-09-30,83.46,54.78,75.29,2023-07-07,26.01,2025-04-04,58.39,260,1014,
KO,2026-09-30,86.08,56.37,78.99,2024-08-30,23.93,2023-10-13,58.91,260,3379,
SONY,2026-09-30,23.53,54.11,72.7,2025-02-28,22.61,2022-09-30,62.9,260,2724,
MSFT,2026-09-30,512.9,63.42,80.06,2021-11-19,25.32,2026-03-27,69.6,260,2117,
