Semana,Open,High,Low,Close,Volume,RSI,RSI_max_5a,RSI_min_5a,Posicion,Semanas_ventana
2004-11-19,44.43,44.92,44.07,44.78,17647300,,,,,0
2004-11-26,44.75,45.6,44.72,45.29,24368000,,,,,0
2004-12-03,45.1,46.0,44.68,45.6,20329800,,,,,0
2004-12-10,45.39,45.47,43.2,43.44,19066000,,,,,0
2004-12-17,43.61,44.22,43.51,44.19,11486200,,,,,0
2004-12-23,44.33,44.37,43.89,44.27,6661100,,,,,0
2004-12-31,44.29,44.56,43.35,43.8,10870100,,,,,0
2005-01-07,42.98,43.17,41.7,41.84,17289900,,,,,0
2005-01-14,41.99,42.79,41.89,42.32,6251700,,,,,0
2005-01-21,42.22,42.82,42.11,42.74,4411700,,,,,0
2005-01-28,42.74,42.82,42.1,42.69,5889500,,,,,0
2005-02-04,42.21,42.3,41.39,41.47,8003600,,,,,0
2005-02-11,41.55,42.16,41.02,42.08,16199700,,,,,0
2005-02-18,42.37,42.82,42.2,42.75,9649500,,,,,0
2005-02-25,43.39,43.63,43.15,43.5,7232700,43.87,43.87,43.87,,1
2005-03-04,43.68,43.74,42.9,43.38,8028500,43.33,43.87,43.33,0.0,2
2005-03-11,43.32,44.67,43.26,44.43,11714600,49.19,49.19,43.33,100.0,3
2005-03-18,44.26,44.35,43.6,43.892,7077500,46.53,49.19,43.33,54.69,4
2005-03-24,43.24,43.25,42.35,42.39,10508700,40.04,49.19,40.04,0.0,5
2005-04-01,42.45,42.87,42.41,42.62,6914900,41.39,49.19,40.04,14.75,6
2005-04-08,42.43,42.81,42.23,42.69,8273700,41.82,49.19,40.04,19.43,7
2005-04-15,42.84,42.96,42.16,42.4,8487700,40.5,49.19,40.04,4.98,8
2005-04-22,42.55,43.52,42.52,43.39,8022900,46.69,49.19,40.04,72.73,9
2005-04-29,43.35,43.7,42.99,43.35,11197200,46.48,49.19,40.04,70.42,10
2005-05-06,43.13,43.17,42.34,42.52,7625700,42.23,49.19,40.04,23.89,11
2005-05-13,42.54,42.83,41.83,41.95,4506900,39.55,49.19,39.55,0.0,12
2005-05-20,41.77,42.11,41.61,41.65,5505400,38.18,49.19,38.18,0.0,13
2005-05-27,41.69,41.96,41.55,41.88,11016700,39.9,49.19,38.18,15.64,14
2005-06-03,41.45,42.39,41.33,42.17,14090100,42.09,49.19,38.18,35.53,15
2005-06-10,42.56,42.72,42.03,42.62,6146000,45.41,49.19,38.18,65.72,16
2005-06-17,42.81,43.85,42.58,43.63,9094200,52.06,52.06,38.18,100.0,17
2005-06-24,43.94,44.13,43.42,43.9,5414900,53.69,53.69,38.18,100.0,18
2005-07-01,43.9,43.93,42.59,42.7,6354600,46.2,53.69,38.18,51.7,19
2005-07-08,42.33,42.56,42.05,42.26,9006700,43.78,53.69,38.18,36.14,20
2005-07-15,42.33,42.64,41.7,42.05,7255800,42.64,53.69,38.18,28.76,21
2005-07-22,41.96,42.51,41.81,42.45,6766400,45.56,53.69,38.18,47.58,22
2005-07-29,42.46,42.96,42.14,42.82,9178100,48.18,53.69,38.18,64.52,23
2005-08-05,43.08,43.82,42.99,43.6,5707600,53.3,53.69,38.18,97.5,24
2005-08-12,43.52,44.72,43.166,44.49,7724400,58.35,58.35,38.18,100.0,25
2005-08-19,44.19,44.57,43.49,43.6,7302700,52.26,58.35,38.18,69.82,26
2005-08-26,43.84,43.96,43.41,43.61,5333500,52.32,58.35,38.18,70.12,27
2005-09-02,43.81,44.4,42.81,44.25,10120200,56.14,58.35,38.18,89.01,28
2005-09-09,44.42,44.87,44.19,44.84,4575500,59.36,59.36,38.18,100.0,29
2005-09-16,44.68,45.88,44.36,45.82,8468200,64.09,64.09,38.18,100.0,30
2005-09-23,46.27,47.13,45.92,46.28,16353000,66.08,66.08,38.18,100.0,31
2005-09-30,45.84,47.23,45.66,46.7,11292100,67.84,67.84,38.18,100.0,32
2005-10-07,46.62,47.48,46.14,47.36,9481700,70.43,70.43,38.18,100.0,33
2005-10-14,47.31,47.72,46.41,46.8,13117500,65.6,70.43,38.18,85.03,34
2005-10-21,47.26,47.37,45.83,46.52,9075400,63.27,70.43,38.18,77.79,35
2005-10-28,46.39,47.42,46.31,47.22,11489700,66.48,70.43,38.18,87.75,36
2005-11-04,47.02,47.04,45.32,45.51,10336000,54.04,70.43,38.18,49.2,37
2005-11-11,45.67,46.82,45.46,46.8,5061100,60.11,70.43,38.18,67.99,38
2005-11-18,46.56,48.61,46.51,48.46,10013300,66.27,70.43,38.18,87.11,39
2005-11-25,48.69,49.99,47.92,49.42,7691100,69.23,70.43,38.18,96.29,40
2005-12-02,49.3,50.34,49.06,50.32,10518800,71.74,71.74,38.18,100.0,41
2005-12-09,50.43,52.9,50.21,52.4,15549300,76.5,76.5,38.18,100.0,42
2005-12-16,53.09,53.76,49.93,50.09,28077200,63.67,76.5,38.18,66.52,43
2005-12-23,50.58,50.75,48.8,50.12,16194300,63.75,76.5,38.18,66.74,44
2005-12-30,50.65,51.72,50.5,51.58,15380700,67.71,76.5,38.18,77.07,45
2006-01-06,52.29,53.87,52.1,53.72,22186000,72.46,76.5,38.18,89.47,46
2006-01-13,53.46,55.56,53.31,55.44,23253500,75.57,76.5,38.18,97.58,47
2006-01-20,55.25,56.6,54.01,55.2,22256900,74.31,76.5,38.18,94.29,48
2006-01-27,55.59,56.53,55.26,55.63,26984700,75.11,76.5,38.18,96.38,49
2006-02-03,55.97,57.3,55.9501,56.5,23850100,76.7,76.7,38.18,100.0,50
2006-02-10,56.76,57.1499,54.33,54.79,28656200,67.59,76.7,38.18,76.36,51
2006-02-17,54.64,55.2,53.33,54.96,23064300,68.0,76.7,38.18,77.42,52
2006-02-24,55.12,55.71,54.55,55.64,14544100,69.64,76.7,38.18,81.68,53
2006-03-03,55.26,56.82,55.01,56.28,16948800,71.14,76.7,38.18,85.57,54
2006-03-10,56.3,56.45,53.15,53.83,26817900,59.1,76.7,38.18,54.31,55
2006-03-17,54.09,55.44,53.92,55.12,15382400,62.68,76.7,38.18,63.61,56
2006-03-24,55.01,55.83,54.24,55.71,15266000,64.22,76.7,38.18,67.62,57
2006-03-31,56.21,58.7,55.92,58.1,23990000,69.69,76.7,38.18,81.81,58
2006-04-07,58.63,59.34,58.0,58.59,25720300,70.68,76.7,38.18,84.38,59
2006-04-13,59.38,59.85,58.87,59.5,15227200,72.48,76.7,38.18,89.04,60
2006-04-21,60.38,63.95,60.2,63.2,42994400,78.3,78.3,38.18,100.0,61
2006-04-28,62.34,65.27,61.6,65.09,33590900,80.56,80.56,38.18,100.0,62
2006-05-05,65.72,68.01,64.98,67.99,48700000,83.42,83.42,38.18,100.0,63
2006-05-12,67.28,72.26,66.75,71.12,67314600,85.84,85.84,38.18,100.0,64
2006-05-19,68.7,70.8,63.55,65.58,78428600,67.16,85.84,38.18,60.82,65
2006-05-26,64.42,67.16,63.22,65.1,45324300,65.83,85.84,38.18,58.01,66
2006-06-02,65.2,66.24,61.8,63.5,34523800,61.44,85.84,38.18,48.8,67
2006-06-09,64.05,64.19,59.76,59.76,45009700,52.61,85.84,38.18,30.28,68
2006-06-16,60.78,60.84,55.05,57.68,62225500,48.44,85.84,38.18,21.53,69
2006-06-23,56.85,58.77,56.15,57.99,34453400,49.09,85.84,38.18,22.89,70
2006-06-30,58.31,61.35,57.35,61.23,31360800,55.39,85.84,38.18,36.12,71
2006-07-07,61.99,63.2,61.44,62.63,22272200,57.82,85.84,38.18,41.22,72
2006-07-14,62.01,66.42,61.99,65.85,41011900,62.84,85.84,38.18,51.75,73
2006-07-21,64.71,65.22,61.21,61.71,38157600,53.96,85.84,38.18,33.11,74
2006-07-28,60.63,63.61,59.83,63.11,23247781,56.21,85.84,38.18,37.84,75
2006-08-04,63.12,65.22,62.44,64.28,21793700,58.06,85.84,38.18,41.72,76
2006-08-11,64.47,65.13,62.24,62.71,26270300,54.72,85.84,38.18,34.71,77
2006-08-18,62.39,62.9,60.3,61.04,22326900,51.34,85.84,38.18,27.62,78
2006-08-25,62.09,62.68,61.45,61.77,15562300,52.71,85.84,38.18,30.5,79
2006-09-01,61.8,62.3,60.32,62.14,18148500,53.43,85.84,38.18,32.01,80
2006-09-08,63.24,63.63,60.28,60.64,16526000,50.11,85.84,38.18,25.04,81
2006-09-15,58.85,59.25,56.66,57.4,34048500,43.77,85.84,38.18,11.75,82
2006-09-22,57.47,58.75,56.84,58.5,22302000,46.26,85.84,38.18,16.96,83
2006-09-29,58.15,60.27,57.78,59.47,18349500,48.42,85.84,38.18,21.5,84
2006-10-06,59.8,59.88,55.55,56.99,23579900,43.59,85.84,38.18,11.36,85
2006-10-13,57.46,58.6,56.48,58.57,14912000,47.2,85.84,38.18,18.94,86
2006-10-20,58.93,59.65,58.12,58.78,14465800,47.68,85.84,38.18,19.95,87
2006-10-27,57.88,59.57,56.87,59.4,19786000,49.15,85.84,38.18,23.03,88
2006-11-03,60.05,62.5,59.57,62.3,31490700,55.46,85.84,38.18,36.26,89
2006-11-10,62.17,63.13,60.87,62.49,25801900,55.84,85.84,38.18,37.07,90
2006-11-17,61.93,62.52,61.25,61.78,20613900,53.96,85.84,38.18,33.12,91
2006-11-24,62.06,63.68,61.56,63.5,17627300,57.68,85.84,38.18,40.93,92
2006-12-01,63.46,64.55,62.82,64.12,28040200,58.97,85.84,38.18,43.63,93
2006-12-08,64.03,64.42,61.87,62.05,26575700,53.15,85.84,38.18,31.43,94
2006-12-15,62.18,62.6,60.93,61.0,19442200,50.44,85.84,38.18,25.73,95
2006-12-22,60.85,61.83,60.65,61.65,14965700,52.07,85.84,38.18,29.15,96
2006-12-29,62.24,63.25,61.87,63.21,9694800,55.83,85.84,38.18,37.05,97
2007-01-05,63.58,64.02,59.66,60.17,25420600,47.94,85.84,38.18,20.48,98
2007-01-12,60.38,62.28,59.851,62.17,21895300,52.68,85.84,38.18,30.43,99
2007-01-19,62.2,63.16,61.74,63.0,15435700,54.53,85.84,38.18,34.31,100
2007-01-26,63.01,64.88,62.65,64.1,24984000,56.93,85.84,38.18,39.35,101
2007-02-02,63.85,65.63,63.66,64.28,27845600,57.33,85.84,38.18,40.19,102
2007-02-09,64.68,66.38,64.24,66.12,20144000,61.27,85.84,38.18,48.45,103
2007-02-16,66.08,66.66,65.41,66.36,23305200,61.76,85.84,38.18,49.49,104
2007-02-23,65.6944,68.29,65.0,67.72,30576400,64.53,85.84,38.18,55.3,105
2007-03-02,67.88,68.33,63.34,63.72,50227200,52.49,85.84,38.18,30.04,106
2007-03-09,63.015,65.22,62.62,64.25,36264800,53.72,85.84,38.18,32.62,107
2007-03-16,64.47,64.99,63.09,64.62,28385700,54.61,85.84,38.18,34.48,108
2007-03-23,64.79,66.13,64.63,65.15,22778500,55.91,85.84,38.18,37.21,109
2007-03-30,65.5,66.48,64.93,65.74,23239000,57.37,85.84,38.18,40.28,110
2007-04-05,65.34,66.98,65.03,66.86,20238600,60.08,85.84,38.18,45.96,111
2007-04-13,66.88,67.97,66.46,67.84,21480900,62.34,85.84,38.18,50.7,112
2007-04-20,68.12,68.73,67.25,68.7,25707500,64.25,85.84,38.18,54.71,113
2007-04-27,68.4399,68.65,66.5,67.56,20075000,59.91,85.84,38.18,45.61,114
2007-05-04,67.26,68.43,66.11,68.19,18301000,61.46,85.84,38.18,48.85,115
2007-05-11,68.39,68.46,65.8,66.45,17591200,55.13,85.84,38.18,35.57,116
2007-05-18,66.55,66.73,64.72,65.52,25297900,52.04,85.84,38.18,29.09,117
2007-05-25,65.19,65.89,64.52,64.94,33728400,50.16,85.84,38.18,25.13,118
2007-06-01,65.5,66.54,64.6,66.44,19251400,54.73,85.84,38.18,34.72,119
2007-06-08,66.61,66.76,63.74,64.22,23658400,47.75,85.84,38.18,20.08,120
2007-06-15,64.5,64.94,63.9,64.85,17281400,49.71,85.84,38.18,24.19,121
2007-06-22,65.19,65.56,64.13,64.78,11683500,49.49,85.84,38.18,23.73,122
2007-06-29,64.48,64.74,63.39,64.27,23378800,47.81,85.84,38.18,20.21,123
2007-07-06,64.51,65.23,63.88,64.96,16955400,50.26,85.84,38.18,25.36,124
2007-07-13,65.0,66.29,64.99,66.03,22632400,53.89,85.84,38.18,32.96,125
2007-07-20,66.19,68.0,65.65,67.58,21713400,58.59,85.84,38.18,42.83,126
2007-07-27,67.8,68.0,64.73,65.41,31231900,50.78,85.84,38.18,26.44,127
2007-08-03,65.37,66.92,65.07,66.69,29485200,54.62,85.84,38.18,34.51,128
2007-08-10,66.66,67.54,65.24,66.57,29611400,54.19,85.84,38.18,33.61,129
2007-08-17,66.45,66.52,63.47,65.11,39021800,49.16,85.84,38.18,23.04,130
2007-08-24,65.06,66.21,64.73,66.11,19880600,52.42,85.84,38.18,29.89,131
2007-08-31,66.01,66.77,65.48,66.52,16926200,53.73,85.84,38.18,32.64,132
2007-09-07,66.74,70.0,66.59,69.39,43749400,61.69,85.84,38.18,49.33,133
2007-09-14,69.96,70.97,68.73,69.99,39159300,63.11,85.84,38.18,52.32,134
2007-09-21,70.4,73.1,70.35,72.34,54531100,68.12,85.84,38.18,62.84,135
2007-09-28,72.57,73.8,71.64,73.51,35962700,70.29,85.84,38.18,67.38,136
2007-10-05,73.49,73.98,71.24,73.4,43505400,69.81,85.84,38.18,66.37,137
2007-10-12,72.66,74.59,71.98,74.59,29374300,72.03,85.84,38.18,71.04,138
2007-10-19,74.99,76.29,73.78,75.7,37838200,73.96,85.84,38.18,75.08,139
2007-10-26,74.09,77.7395,73.84,77.69,32425500,77.02,85.84,38.18,81.5,140
2007-11-02,78.27,79.9,76.89,79.83,38819400,79.77,85.84,38.18,87.27,141
2007-11-09,79.55,83.63,79.11,82.18,53534700,82.28,85.84,38.18,92.53,142
2007-11-16,79.48,80.68,77.17,77.75,53425100,65.73,85.84,38.18,57.81,143
2007-11-23,77.89,81.61,76.11,81.25,30694000,70.74,85.84,38.18,68.32,144
2007-11-30,81.8,82.25,76.98,77.32,43192600,60.12,85.84,38.18,46.03,145
2007-12-07,77.5299,79.65,77.3,78.6,36841600,62.11,85.84,38.18,50.22,146
2007-12-14,79.5301,80.92,77.82,78.52,40511800,61.9,85.84,38.18,49.78,147
2007-12-21,78.13,80.32,77.81,80.1,29841000,64.44,85.84,38.18,55.11,148
2007-12-28,80.26,83.02,80.14,83.0,18945200,68.58,85.84,38.18,63.79,149
2008-01-04,82.74,85.94,81.98,85.13,34062800,71.23,85.84,38.18,69.35,150
2008-01-11,85.24,88.76,84.57,88.58,46487500,74.92,85.84,38.18,77.09,151
2008-01-18,89.41,90.35,86.32,87.42,83544700,71.59,85.84,38.18,70.11,152
2008-01-25,86.14,91.08,85.77,90.3,55292700,74.6,85.84,38.18,76.43,153
2008-02-01,90.96,92.58,89.22,89.3499,59430000,71.9,85.84,38.18,70.75,154
2008-02-08,88.51,91.0,87.3,91.0,48341800,73.68,85.84,38.18,74.5,155
2008-02-15,91.03,91.46,88.63,89.15,39565500,68.43,85.84,38.18,63.48,156
2008-02-22,91.25,94.22,90.75,93.39,39533100,73.15,85.84,38.18,73.39,157
2008-02-29,93.67,96.24,92.11,96.18,50892200,75.73,85.84,38.18,78.79,158
2008-03-07,97.63,98.15,94.39,96.09,76800200,75.48,85.84,38.18,78.26,159
2008-03-14,95.0,99.53,94.88,98.71,65636500,77.79,85.84,38.18,83.11,160
2008-03-20,99.32,100.44,89.8,89.9128,113896300,58.02,85.84,38.18,41.63,161
2008-03-28,90.65,94.09,89.78,91.88,58901700,60.44,85.84,38.18,46.71,162
2008-04-04,92.56,92.65,86.05,90.25,64928700,57.48,85.84,38.18,40.5,163
2008-04-11,90.76,92.56,89.72,91.3,38845800,58.87,85.84,38.18,43.43,164
2008-04-18,91.32,93.71,88.96,90.62,38067600,57.56,85.84,38.18,40.66,165
2008-04-25,90.79,91.35,87.1,87.27,78168100,51.44,85.84,38.18,27.84,166
2008-05-02,87.69,88.4,83.57,84.58,66871100,47.12,85.84,38.18,18.76,167
2008-05-09,85.55,87.59,85.2,87.42,43915300,51.73,85.84,38.18,28.45,168
2008-05-16,86.92,89.3,84.92,89.1001,42533600,54.28,85.84,38.18,33.78,169
2008-05-23,89.61,92.11,88.869,91.23,42887600,57.34,85.84,38.18,40.22,170
2008-05-30,89.84,89.87,86.1,87.45,33346700,50.83,85.84,38.18,26.54,171
2008-06-06,87.44,89.06,85.66,89.06,52393200,53.26,85.84,38.18,31.65,172
2008-06-13,88.45,89.24,84.83,85.83,51484700,48.11,85.84,38.18,20.85,173
2008-06-20,88.15,89.61,86.7,88.95,40676600,52.85,85.84,38.18,30.8,174
2008-06-27,87.24,91.82,86.13,91.47,63978400,56.33,85.84,38.18,38.08,175
2008-07-03,91.75,93.35,90.53,92.06,43838700,57.12,85.84,38.18,39.75,176
2008-07-11,90.57,95.5,89.93,95.16,77690200,61.13,85.84,38.18,48.17,177
2008-07-18,95.03,97.5,94.02,94.17,105257600,59.23,85.84,38.18,44.17,178
2008-07-25,94.75,95.86,90.25,91.69,71340900,54.64,85.84,38.18,34.53,179
2008-08-01,91.39,92.0,88.08,89.57,61051600,51.0,85.84,38.18,26.9,180
2008-08-08,89.08,89.68,83.83,84.43,71045000,43.44,85.84,38.18,11.04,181
2008-08-15,84.46,84.49,76.61,77.63,106002900,35.87,85.84,35.87,0.0,182
2008-08-22,78.53,84.54,77.7,81.08,70428800,41.44,85.84,35.87,11.16,183
2008-08-29,81.1,83.13,80.56,81.71,36665400,42.43,85.84,35.87,13.13,184
2008-09-05,78.16,80.27,77.98,78.98,44997200,39.34,85.84,35.87,6.95,185
2008-09-12,80.1,80.35,72.51,75.55,100950000,35.82,85.84,35.82,0.0,186
2008-09-19,76.64,90.78,76.0,85.98,186044800,50.38,85.84,35.82,29.11,187
2008-09-26,86.85,90.17,85.01,86.64,117578000,51.13,85.84,35.82,30.62,188
2008-10-03,87.06,92.0,81.05,82.59,124499400,46.46,85.84,35.82,21.28,189
2008-10-10,85.84,90.8397,81.38,83.22,138211800,47.27,85.84,35.82,22.89,190
2008-10-17,83.61,84.39,75.0,77.21,92300300,40.92,85.84,35.82,10.21,191
2008-10-24,77.77,78.56,66.0,72.21,82598600,36.53,85.84,35.82,1.43,192
2008-10-31,71.13,76.36,70.6,71.34,57149800,35.81,85.84,35.81,0.0,193
2008-11-07,71.34,75.69,71.06,72.5,45290700,37.58,85.84,35.81,3.53,194
2008-11-14,74.8,74.92,68.81,73.3,54116100,38.83,85.84,35.81,6.03,195
2008-11-21,72.43,79.0,72.0,78.85,73858200,46.79,85.84,35.81,21.95,196
2008-11-28,80.45,81.72,79.28,80.31,50207600,48.69,85.84,35.81,25.73,197
2008-12-05,77.15,77.63,72.91,74.52,55983500,42.27,85.84,35.81,12.9,198
2008-12-12,76.48,81.94,75.3,80.81,59455300,49.98,85.84,35.81,28.33,199
2008-12-19,81.33,86.91,81.23,82.63,82037700,51.98,85.84,35.81,32.32,200
2008-12-26,83.57,85.97,81.59,85.6,20163100,55.14,85.84,35.81,38.63,201
2009-01-02,86.5,87.1,84.28,86.23,30444800,55.8,85.84,35.81,39.95,202
2009-01-09,83.62,85.7,82.21,83.92,55336900,52.72,85.84,35.81,33.8,203
2009-01-16,81.72,83.0,78.87,82.71,73559600,51.13,85.84,35.81,30.62,204
2009-01-23,84.17,88.94,82.98,88.53,81595400,57.74,85.84,35.81,43.82,205
2009-01-30,89.24,91.49,86.28,91.31,91821400,60.48,85.84,35.81,49.31,206
2009-02-06,89.88,92.5786,86.0,89.59,78526400,57.97,85.84,35.81,44.3,207
2009-02-13,88.34,93.74,87.6,92.55,155793600,60.97,85.84,35.81,50.3,208
2009-02-20,95.24,98.99,94.67,97.8,121591700,65.66,85.84,35.81,59.66,209
2009-02-27,96.59,98.22,91.03,92.63,147524500,58.24,85.84,35.81,44.84,210
2009-03-06,93.42,93.61,88.45,92.29,118618100,57.78,85.84,35.81,43.92,211
2009-03-13,92.29,92.33,87.4733,91.3,92738200,56.38,85.84,35.81,41.11,212
2009-03-20,90.32,94.77,86.83,93.59,134338500,58.87,85.84,35.81,46.08,213
2009-03-27,93.44,93.91,90.25,90.69,83382400,54.62,85.84,35.81,37.59,214
2009-04-03,89.97,91.81,87.52,87.59,84297700,50.43,85.84,35.81,29.22,215
2009-04-09,86.4,88.26,84.97,86.31,55747500,48.77,85.84,35.81,25.89,216
2009-04-17,88.03,88.45,84.92,85.22,64674400,47.33,85.84,35.81,23.03,217
2009-04-24,86.03,89.84,86.0,89.72,61463000,53.41,85.84,35.81,35.19,218
2009-05-01,89.33,89.79,86.5409,86.95,39652200,49.62,85.84,35.81,27.59,219
2009-05-08,87.55,90.3,87.55,89.98,57850500,53.51,85.84,35.81,35.38,220
2009-05-15,89.64,91.81,89.5,91.55,65151600,55.43,85.84,35.81,39.22,221
2009-05-22,91.53,94.42,90.14,94.15,82494100,58.49,85.84,35.81,45.34,222
2009-05-29,92.95,96.35,92.85,96.2,59155200,60.78,85.84,35.81,49.91,223
2009-06-05,96.47,96.9699,93.57,93.71,82888900,56.69,85.84,35.81,41.74,224
2009-06-12,93.26,94.53,92.0,92.17,64057600,54.26,85.84,35.81,36.88,225
2009-06-19,91.9,92.5,90.1457,91.9,63132500,53.83,85.84,35.81,36.01,226
2009-06-26,90.41,92.93,89.95,92.29,58891900,54.4,85.84,35.81,37.15,227
2009-07-02,92.32,93.0,90.53,91.25,48826600,52.54,85.84,35.81,33.43,228
2009-07-10,90.48,97.8,88.82,89.58,54662800,49.6,85.84,35.81,27.57,229
2009-07-17,89.45,92.52,89.1,91.93,37747200,53.54,85.84,35.81,35.43,230
2009-07-24,93.61,94.005,92.69,93.41,47255100,55.87,85.84,35.81,40.1,231
2009-07-31,93.9,94.03,90.81,93.35,46357200,55.75,85.84,35.81,39.85,232
2009-08-07,94.14,95.25,93.6,93.75,52246200,56.43,85.84,35.81,41.22,233
2009-08-14,92.91,94.05,92.4,93.0,32302200,54.72,85.84,35.81,37.8,234
2009-08-21,91.49,93.8,91.28,93.65,29563500,55.97,85.84,35.81,40.29,235
2009-08-28,93.64,94.15,91.64,93.87,35680800,56.41,85.84,35.81,41.17,236
2009-09-04,93.14,97.94,92.92,97.529,81983600,62.99,85.84,35.81,54.32,237
2009-09-11,98.57,99.33,96.85,98.78,75127100,64.93,85.84,35.81,58.22,238
2009-09-18,98.16,100.08,97.56,98.67,68898100,64.61,85.84,35.81,57.57,239
2009-09-25,97.95,99.89,96.77,97.0,70755400,59.77,85.84,35.81,47.88,240
2009-10-02,97.21,99.06,96.95,98.37,57242700,62.27,85.84,35.81,52.88,241
2009-10-09,98.48,104.1501,98.36,102.84,100868800,69.03,85.84,35.81,66.4,242
2009-10-16,103.39,104.7,102.53,103.18,74510800,69.48,85.84,35.81,67.3,243
2009-10-23,103.16,104.58,102.75,103.49,71190000,69.91,85.84,35.81,68.15,244
2009-10-30,103.41,103.97,100.65,102.53,89829800,66.79,85.84,35.81,61.92,245
2009-11-06,103.5,108.04,103.25,107.43,101226800,73.33,85.84,35.81,75.0,246
2009-11-13,108.69,109.8,107.7,109.74,87194800,75.76,85.84,35.81,79.85,247
2009-11-20,110.7,113.09,110.65,112.94,105722700,78.65,85.84,35.81,85.64,248
2009-11-27,114.67,116.88,113.02,115.06,92880000,80.33,85.84,35.81,88.99,249
2009-12-04,114.48,119.54,112.41,113.753,183298200,76.35,85.84,35.81,81.03,250
2009-12-11,111.51,114.22,108.7174,109.32,166834500,64.65,85.84,35.81,57.64,251
2009-12-18,110.01,111.91,107.04,108.95,119857400,63.77,85.84,35.81,55.88,252
2009-12-24,109.17,109.3,105.312,108.36,76950600,62.31,85.84,35.81,52.97,253
2009-12-31,108.64,108.78,106.4,107.31,39205500,59.7,85.84,35.81,47.76,254
2010-01-08,109.82,111.77,109.26,111.37,84923500,65.69,85.84,35.81,59.72,255
2010-01-15,113.34,113.59,109.57,110.86,102757600,64.39,85.84,35.81,57.13,256
2010-01-22,110.95,111.75,106.01,107.17,77961700,55.83,85.84,35.81,40.01,257
2010-01-29,107.44,108.8,105.18,105.96,81575400,53.32,85.84,35.81,35.0,258
2010-02-05,106.64,109.6,102.28,104.68,115235900,50.73,85.84,35.81,29.82,259
2010-02-12,104.41,107.56,104.0,107.04,93165300,55.07,85.84,35.81,38.49,260
2010-02-19,109.45,110.39,108.81,109.47,81595200,59.07,85.84,35.81,46.48,260
2010-02-26,109.86,109.97,106.6,109.43,78014100,58.97,85.84,35.81,46.3,260
2010-03-05,109.48,112.18,108.97,110.81,73191400,61.24,85.84,35.81,50.83,260
2010-03-12,111.22,111.3,107.45,107.95,68749000,54.52,85.84,35.81,37.39,260
2010-03-19,108.16,110.61,107.82,108.28,77409700,55.13,85.84,35.81,38.61,260
2010-03-26,107.31,108.7,106.24,108.59,71390800,55.73,85.84,35.81,39.82,260
2010-04-01,108.87,110.47,107.87,110.26,46722000,58.93,85.84,35.81,46.21,260
2010-04-09,110.56,114.07,110.27,113.64,66542900,64.52,85.84,35.81,57.39,260
2010-04-16,113.64,114.13,110.54,111.24,68476800,58.44,85.84,35.81,45.23,260
2010-04-23,110.8801,113.3,110.67,113.19,43961100,61.61,85.84,35.81,51.56,260
2010-04-30,112.88,115.7,112.34,115.36,84061800,64.82,85.84,35.81,57.98,260
2010-05-07,115.91,118.88,113.312,118.27,141518600,68.61,85.84,35.81,65.57,260
2010-05-14,117.5,122.235,116.8101,120.37,154852800,71.04,85.84,35.81,70.42,260
2010-05-21,120.55,121.12,114.51,115.22,137912200,58.99,85.84,35.81,46.34,260
2010-05-28,116.34,119.08,116.04,118.881,70684600,63.7,85.84,35.81,55.76,260
2010-06-04,119.88,120.25,117.05,119.19,52934800,64.08,85.84,35.81,56.51,260
2010-06-11,118.73,122.45,118.62,120.01,78045300,65.11,85.84,35.81,58.57,260
2010-06-18,119.63,123.5,118.96,122.83,75798400,68.46,85.84,35.81,65.27,260
2010-06-25,123.09,123.13,119.77,122.76,70227400,68.29,85.84,35.81,64.92,260
2010-07-02,122.79,123.56,116.98,118.49,96983400,58.45,85.84,35.81,45.26,260
2010-07-09,117.6698,118.73,116.1,118.36,48688900,58.18,85.84,35.81,44.71,260
2010-07-16,117.83,119.13,115.95,116.67,51586500,54.59,85.84,35.81,37.53,260
2010-07-23,115.57,117.5,115.11,116.09,50881200,53.37,85.84,35.81,35.09,260
2010-07-30,116.38,116.47,113.08,115.49,76384800,52.07,85.84,35.81,32.51,260
2010-08-06,116.12,118.42,115.2,117.84,41400700,56.52,85.84,35.81,41.4,260
2010-08-13,117.76,118.89,116.4,118.74,52173400,58.12,85.84,35.81,44.6,260
2010-08-20,119.7,120.99,119.0,119.97,50892800,60.28,85.84,35.81,48.91,260
2010-08-27,119.91,122.95,118.71,121.01,53698300,62.06,85.84,35.81,52.46,260
2010-09-03,120.85,122.48,120.58,121.86,44590700,63.49,85.84,35.81,55.34,260
2010-09-10,122.91,123.42,121.38,121.73,44821400,63.1,85.84,35.81,54.55,260
2010-09-17,121.63,125.03,121.39,124.5425,74463300,67.76,85.84,35.81,63.86,260
2010-09-24,125.09,127.0001,124.16,126.69,64201300,70.79,85.84,35.81,69.93,260
2010-10-01,126.9,129.07,126.11,128.91,75291100,73.56,85.84,35.81,75.46,260
2010-10-08,128.52,132.67,128.22,131.66,99369900,76.53,85.84,35.81,81.4,260
2010-10-15,131.28,134.85,130.98,133.68,95368100,78.45,85.84,35.81,85.22,260
2010-10-22,133.46,134.34,128.72,129.73,83862800,66.95,85.84,35.81,62.24,260
2010-10-29,131.16,132.82,128.79,132.62,69222400,70.37,85.84,35.81,69.08,260
2010-11-05,132.85,136.61,129.48,136.38,97309800,74.12,85.84,35.81,76.58,260
2010-11-12,135.92,139.15,132.821,133.69,136630700,67.53,85.84,35.81,63.4,260
2010-11-19,133.86,134.49,129.83,132.2,94162800,64.13,85.84,35.81,56.6,260
2010-11-26,132.13,135.07,131.69,133.11,47989100,65.28,85.84,35.81,58.9,260
2010-12-03,133.19,138.11,132.33,138.07,82389000,70.78,85.84,35.81,69.9,260
2010-12-10,138.14,139.54,133.88,135.408,91710000,64.84,85.84,35.81,58.03,260
2010-12-17,136.26,137.21,132.86,134.2,86548700,62.29,85.84,35.81,52.93,260
2010-12-23,135.13,135.7775,133.93,134.66,39379300,62.89,85.84,35.81,54.12,260
2010-12-31,134.96,138.77,134.49,138.72,36959700,67.76,85.84,35.81,63.86,260
2011-01-07,138.67,139.0,133.1,133.58,87092100,57.47,85.84,35.81,43.3,260
2011-01-14,133.85,135.68,132.22,132.69,65002900,55.89,85.84,35.81,40.14,260
2011-01-21,133.625,134.4,130.53,131.03,67232300,52.96,85.84,35.81,34.29,260
2011-01-28,131.01,131.63,127.8,130.28,119028400,51.65,85.84,35.81,31.66,260
2011-02-04,129.27,132.7,129.25,131.66,72698800,53.92,85.84,35.81,36.19,260
2011-02-11,131.67,133.5,131.23,132.3225,51569400,55.01,85.84,35.81,38.38,260
2011-02-18,132.95,135.8,132.7,135.41,58840500,59.79,85.84,35.81,47.93,260
2011-02-25,136.92,138.2,135.73,137.384,61494900,62.53,85.84,35.81,53.41,260
2011-03-04,137.65,140.55,137.03,139.35,75944500,65.09,85.84,35.81,58.52,260
2011-03-11,140.29,140.61,136.845,138.22,59511800,62.45,85.84,35.81,53.25,260
2011-03-18,139.33,139.55,135.23,138.37,74816300,62.67,85.84,35.81,53.68,260
2011-03-25,139.5,141.28,138.66,139.26,65044900,63.99,85.84,35.81,56.33,260
2011-04-01,137.8199,140.4,137.68,139.2,55716200,63.83,85.84,35.81,56.0,260
2011-04-08,140.13,143.84,139.45,143.66,61305700,69.99,85.84,35.81,68.33,260
2011-04-15,143.28,145.12,140.75,145.05,72233600,71.62,85.84,35.81,71.58,260
2011-04-21,145.21,147.06,144.63,146.74,52116400,73.5,85.84,35.81,75.33,260
2011-04-29,147.57,153.03,145.48,152.37,102096300,78.58,85.84,35.81,85.5,260
2011-05-06,151.46,153.61,142.55,145.3,158882900,62.39,82.28,35.81,57.2,260
2011-05-13,146.67,148.19,144.49,145.63,82517400,62.78,82.28,35.81,58.03,260
2011-05-20,145.88,147.78,143.42,147.49,69047800,64.96,82.28,35.81,62.72,260
2011-05-27,147.04,149.92,146.97,149.7,61831100,67.4,82.28,35.81,67.98,260
2011-06-03,149.88,151.13,148.07,150.22,55023800,67.97,82.28,35.81,69.2,260
2011-06-10,150.82,151.45,148.69,149.24,51213700,65.65,82.28,35.81,64.22,260
2011-06-17,148.6601,150.29,147.19,149.94,68718600,66.53,82.28,35.81,66.11,260
2011-06-24,150.0799,151.86,145.97,146.26,81183300,58.13,82.28,35.81,48.04,260
2011-07-01,145.93,147.42,143.97,144.93,62064500,55.41,82.28,35.81,42.18,260
2011-07-08,146.96,150.5,146.85,150.25,48963900,62.9,82.28,35.81,58.29,260
2011-07-15,151.33,155.29,150.2,155.2,106893900,68.24,82.28,35.81,69.78,260
2011-07-22,155.76,156.58,154.1,156.12,84365700,69.13,82.28,35.81,71.7,260
2011-07-29,157.6,159.25,156.11,158.29,71560200,71.18,82.28,35.81,76.11,260
2011-08-05,157.4701,163.87,156.78,161.75,131868900,74.13,82.28,35.81,82.46,260
2011-08-12,165.48,175.13,164.76,169.97,222673700,79.5,82.28,35.81,94.02,260
2011-08-19,169.32,181.67,168.95,179.95,113848900,83.87,83.87,35.81,100.0,260
2011-08-26,181.9499,184.82,165.88,177.47,235395000,79.34,83.87,35.81,90.57,260
2011-09-02,175.945,183.51,172.88,183.238,98567600,81.8,83.87,35.81,95.69,260
2011-09-09,184.58,185.85,174.45,180.7,107185400,77.43,83.87,35.81,86.59,260
2011-09-16,178.49,179.54,172.56,176.03,98772700,70.01,83.87,35.81,71.16,260
2011-09-23,176.83,176.86,158.55,159.8,132857700,51.53,83.87,35.81,32.71,260
2011-09-30,157.12,162.29,154.19,158.06,123385100,50.01,83.87,35.81,29.54,260
2011-10-07,161.09,161.58,155.27,159.18,78699600,51.01,83.87,35.81,31.63,260
2011-10-14,162.05,164.0,160.82,163.4,46175100,54.71,83.87,35.81,39.31,260
2011-10-21,164.0,164.16,156.05,159.52,63387200,50.91,83.87,35.81,31.41,260
2011-10-28,160.55,170.29,160.22,169.62,74686700,58.91,83.87,35.81,48.05,260
2011-11-04,167.76,172.04,163.61,170.85,66973900,59.77,83.87,35.81,49.84,260
2011-11-11,172.85,175.46,168.83,173.96,69075800,61.94,83.87,35.81,54.35,260
2011-11-18,173.74,173.86,166.39,167.62,72789400,55.38,83.87,35.81,40.72,260
2011-11-25,166.6099,166.71,162.07,163.4,51706400,51.48,83.87,35.81,32.59,260
2011-12-02,166.93,170.8,165.98,169.82,53068000,56.5,83.87,35.81,43.05,260
2011-12-09,169.06,169.95,165.53,166.4,51078400,53.33,83.87,35.81,36.45,260
2011-12-16,162.35,163.19,151.71,155.23,122360400,44.55,83.87,35.81,18.17,260
2011-12-23,155.48,157.53,154.36,156.31,47133100,45.48,83.87,35.81,20.12,260
2011-12-30,155.08,155.55,148.27,151.99,52019600,42.4,83.87,35.81,13.71,260
2012-01-06,154.76,158.63,154.55,157.2,46347600,47.06,83.87,35.81,23.4,260
2012-01-13,157.36,161.615,156.19,159.26,42624600,48.82,83.87,35.81,27.07,260
2012-01-20,161.17,162.09,159.68,162.07,37385400,51.21,83.87,35.81,32.03,260
2012-01-27,162.325,169.0,160.29,168.97,77465800,56.56,83.87,35.81,43.17,260
2012-02-03,168.19,171.2299,167.51,167.64,62229600,55.3,83.87,35.81,40.55,260
2012-02-10,166.96,170.37,166.33,167.14,57489200,54.81,83.87,35.81,39.52,260
2012-02-17,167.33,168.75,166.17,167.35,44610800,54.99,83.87,35.81,39.9,260
2012-02-24,169.65,173.77,169.59,172.231,51235600,59.11,83.87,35.81,48.47,260
2012-03-02,172.14,174.0,164.0,166.34,92401700,52.82,83.87,35.81,35.39,260
2012-03-09,165.77,166.57,161.78,166.3799,59714300,52.86,83.87,35.81,35.47,260
2012-03-16,165.33,165.58,158.8,161.3,80631400,47.78,83.87,35.81,24.91,260
2012-03-23,160.85,162.3,158.13,161.5329,50033900,48.03,83.87,35.81,25.42,260
2012-03-30,163.17,164.89,159.81,162.12,53704500,48.69,83.87,35.81,26.79,260
2012-04-05,161.96,163.56,156.58,158.31,49307300,44.73,83.87,35.81,18.56,260
2012-04-13,159.72,163.2,158.47,160.85,51810600,47.78,83.87,35.81,24.9,260
2012-04-20,160.51,161.18,158.75,159.54,40783800,46.36,83.87,35.81,21.94,260
2012-04-27,158.2,161.97,157.76,161.38,48996400,48.67,83.87,35.81,26.74,260
2012-05-04,160.49,162.18,158.37,159.47,45616000,46.43,83.87,35.81,22.1,260
2012-05-11,159.31,159.34,153.24,153.56,52389800,40.28,83.87,35.81,9.29,260
2012-05-18,151.58,155.13,148.6,154.55,74568300,41.67,83.87,35.81,12.19,260
2012-05-25,154.11,154.95,148.84,152.68,53609600,39.78,83.87,35.81,8.26,260
2012-06-01,153.47,158.31,148.53,157.5,65521600,46.52,83.87,35.81,22.27,260
2012-06-08,157.26,159.2,153.0,154.73,65325400,43.51,83.87,35.81,16.01,260
2012-06-15,154.83,158.46,153.55,157.84,57119200,47.61,83.87,35.81,24.54,260
2012-06-22,157.46,158.21,151.21,152.64,51851800,42.1,83.87,35.81,13.09,260
2012-06-29,152.58,155.95,150.15,155.19,36281500,45.43,83.87,35.81,20.02,260
2012-07-06,154.67,157.72,152.95,153.71,21097500,43.86,83.87,35.81,16.74,260
2012-07-13,153.61,155.1799,150.85,154.14,37530000,44.46,83.87,35.81,17.99,260
2012-07-20,154.43,154.75,152.4,153.67,40194100,43.91,83.87,35.81,16.84,260
2012-07-27,152.5,157.96,152.2,157.54,38267600,49.5,83.87,35.81,28.47,260
2012-08-03,156.84,157.72,153.61,155.55,53055800,46.91,83.87,35.81,23.08,260
2012-08-10,155.92,157.82,155.74,157.18,21940400,49.25,83.87,35.81,27.96,260
2012-08-17,157.05,157.45,154.83,156.72,31292800,48.6,83.87,35.81,26.6,260
2012-08-24,156.52,162.451,156.47,161.97,59020000,55.79,83.87,35.81,41.56,260
2012-08-31,161.77,164.22,159.56,164.22,43580000,58.47,83.87,35.81,47.14,260
2012-09-07,164.11,169.0,163.66,168.44,52536400,63.0,83.87,35.81,56.57,260
2012-09-14,167.84,172.23,166.3,171.8,70413300,66.17,83.87,35.81,63.15,260
2012-09-21,171.77,173.185,170.06,171.96,54958300,66.31,83.87,35.81,63.46,260
2012-09-28,170.63,172.6,168.34,171.89,51828700,66.18,83.87,35.81,63.18,260
2012-10-05,172.83,174.07,171.59,172.62,42625700,66.94,83.87,35.81,64.77,260
2012-10-12,171.75,172.28,169.81,170.06,32842200,61.69,83.87,35.81,53.84,260
2012-10-19,169.01,169.95,166.23,166.97,42579800,55.98,83.87,35.81,41.96,260
2012-10-26,167.08,167.63,164.6,165.93,42508400,54.16,83.87,35.81,38.18,260
2012-11-02,166.47,167.28,162.3,162.6,25462600,48.71,83.87,35.81,26.83,260
2012-11-09,163.12,168.54,162.81,167.82,51593200,56.16,83.87,35.81,42.33,260
2012-11-16,168.1,168.28,165.18,165.88,37588600,53.07,83.87,35.81,35.91,260
2012-11-23,167.75,170.01,166.8401,169.61,22181400,57.87,83.87,35.81,45.89,260
2012-11-30,169.56,169.73,165.385,166.05,41431300,52.37,83.87,35.81,34.45,260
2012-12-07,166.11,166.92,163.2,165.165,41810200,51.07,83.87,35.81,31.74,260
2012-12-14,166.11,166.94,163.78,164.13,38219800,49.52,83.87,35.81,28.52,260
2012-12-21,164.16,164.62,158.39,160.33,83753700,44.23,83.87,35.81,17.5,260
2012-12-28,160.88,161.485,160.05,160.54,24451800,44.58,83.87,35.81,18.24,260
2013-01-04,160.9,164.14,158.89,160.44,57515300,44.43,83.87,35.81,17.94,260
2013-01-11,159.36,162.56,159.15,161.06,50499000,45.61,83.87,35.81,20.38,260
2013-01-18,161.88,164.4,161.13,163.09,51531000,49.38,83.87,35.81,28.23,260
2013-01-25,163.48,164.22,160.31,160.65,37510600,45.31,83.87,35.81,19.77,260
2013-02-01,160.24,163.04,160.02,161.45,50104800,46.86,83.87,35.81,22.98,260
2013-02-08,161.19,162.96,161.13,161.57,41386100,47.1,83.87,35.81,23.48,260
2013-02-15,159.78,160.05,154.56,155.76,64461400,38.08,83.87,35.81,4.71,260
2013-02-22,155.8,155.84,150.841,152.97,70785900,34.64,83.87,34.64,0.0,260
2013-03-01,153.52,156.8,152.14,152.44,63309800,34.02,83.87,34.02,0.0,260
2013-03-08,152.45,153.39,151.403,152.71,46750200,34.67,83.87,34.02,1.3,260
2013-03-15,152.82,154.72,152.65,154.001,36624500,37.82,83.87,34.02,7.62,260
2013-03-22,155.7,156.43,154.88,155.55,38285600,41.46,83.87,34.02,14.93,260
2013-03-28,154.71,155.62,154.22,154.47,27776000,39.71,83.87,34.02,11.43,260
2013-04-05,154.57,154.93,149.44,152.81,56348000,37.12,83.87,34.02,6.23,260
2013-04-12,152.39,153.85,143.426,143.95,95460600,27.0,83.87,27.0,0.0,260
2013-04-19,136.0,136.75,130.51,135.47,200598900,21.07,83.87,21.07,0.0,260
2013-04-26,138.15,143.43,135.85,140.91,79777400,31.46,83.87,21.07,16.55,260
2013-05-03,142.1353,142.83,139.3001,142.09,59389300,33.51,83.87,21.07,19.8,260
2013-05-10,142.33,142.81,137.26,139.6,55432400,31.38,83.87,21.07,16.41,260
2013-05-17,138.46,139.16,131.02,131.07,68777900,25.42,83.87,21.07,6.93,260
2013-05-24,130.88,136.77,130.85,133.76,77901900,29.94,83.87,21.07,14.12,260
2013-05-31,133.68,137.11,132.8,133.92,39566900,30.21,83.87,21.07,14.55,260
2013-06-07,134.77,137.62,133.18,133.28,43025200,29.72,83.87,21.07,13.76,260
2013-06-14,133.3,134.83,132.245,134.43,31333200,31.87,83.87,21.07,17.2,260
2013-06-21,133.89,134.0599,123.33,125.05,69941500,25.1,83.87,21.07,6.42,260
2013-06-28,124.31,124.7,114.68,119.11,109851100,21.93,83.87,21.07,1.36,260
2013-07-05,119.94,121.95,116.74,118.09,44838300,21.43,83.87,21.07,0.56,260
2013-07-12,119.09,124.365,118.93,124.13,49413900,31.42,83.87,21.07,16.48,260
2013-07-19,124.08,125.7,122.73,125.11,32511600,32.92,83.87,21.07,18.86,260
2013-07-26,127.65,130.1399,126.78,128.78,40502000,38.33,83.87,21.07,27.47,260
2013-08-02,128.45,128.92,126.13,126.36,41087700,36.25,83.87,21.07,24.17,260
2013-08-09,126.51,127.27,123.55,126.86,30170400,37.01,83.87,21.07,25.38,260
2013-08-16,129.57,133.27,127.38,132.58,55137000,45.07,83.87,21.07,38.21,260
2013-08-23,132.33,135.24,131.51,134.9,44012900,47.98,83.87,21.07,42.84,260
2013-08-30,134.88,137.55,134.15,134.62,48245200,47.65,83.87,21.07,42.32,260
2013-09-06,135.46,136.789,131.8,134.15,35453400,47.07,83.87,21.07,41.39,260
2013-09-13,134.13,134.32,126.21,127.82,43574600,39.99,83.87,21.07,30.12,260
2013-09-20,127.48,132.78,125.15,127.96,76656700,40.21,83.87,21.07,30.47,260
2013-09-27,127.52,129.58,126.34,128.97,39212100,41.82,83.87,21.07,33.03,260
2013-10-04,127.95,129.14,123.81,126.53,56250900,39.08,83.87,21.07,28.67,260
2013-10-11,127.25,128.45,121.85,122.6,50933800,35.09,83.87,21.07,22.31,260
2013-10-18,123.9,127.86,122.22,126.85,40161400,41.99,83.87,21.07,33.3,260
2013-10-25,127.13,130.92,126.79,130.46,36325700,47.13,83.87,21.07,41.49,260
2013-11-01,130.41,131.44,126.05,126.95,38351800,43.13,83.87,21.07,35.11,260
2013-11-08,127.18,127.52,123.62,124.279,28432800,40.32,83.87,21.07,30.65,260
2013-11-15,123.92,124.91,121.7256,124.32,29280700,40.38,83.87,21.07,30.75,260
2013-11-22,123.7,123.96,119.31,119.92,38520700,35.92,83.87,21.07,23.65,260
2013-11-29,119.23,121.05,119.13,120.7,24828900,37.25,83.87,21.07,25.75,260
2013-12-06,119.2,120.76,117.23,118.55,44576800,35.09,83.87,21.07,22.33,260
2013-12-13,118.99,122.32,118.03,119.38,39893800,36.62,83.87,21.07,24.75,260
2013-12-20,119.26,120.77,114.5,115.94,63692700,33.15,83.87,21.07,19.23,260
2013-12-27,115.61,117.38,115.43,117.12,17665800,35.41,83.87,21.07,22.83,260
2014-01-03,116.37,119.62,114.46,119.29,32964500,39.46,83.87,21.07,29.28,260
2014-01-10,119.76,120.43,117.11,120.26,35934700,41.24,83.87,21.07,32.11,260
2014-01-17,120.27,121.06,119.1126,120.93,30725300,42.49,83.87,21.07,34.11,260
2014-01-24,119.23,122.5,119.17,122.29,31199200,45.06,83.87,21.07,38.19,260
2014-01-31,121.65,122.51,119.46,120.09,41665200,41.81,83.87,21.07,33.02,260
2014-02-07,120.47,122.24,120.32,122.17,34515200,45.79,83.87,21.07,39.36,260
2014-02-14,122.8,127.38,122.72,127.15,46444900,53.91,83.87,21.07,52.29,260
2014-02-21,127.42,128.07,126.16,127.58,34941000,54.55,83.87,21.07,53.3,260
2014-02-28,128.51,129.53,127.15,127.62,40603700,54.61,83.87,21.07,53.4,260
2014-03-07,130.0,130.5856,128.21,129.09,35945200,56.95,83.87,21.07,57.13,260
2014-03-14,128.88,133.69,128.7804,133.1,42501200,62.62,83.87,21.07,66.16,260
2014-03-21,132.73,133.22,127.58,128.47,48912200,53.81,83.87,21.07,52.13,260
2014-03-28,126.87,127.14,123.88,124.56,42784800,47.71,83.87,21.07,42.41,260
2014-04-04,124.52,125.96,123.1099,125.57,34216200,49.31,83.87,21.07,44.96,260
2014-04-11,125.07,127.37,124.84,126.93,25912300,51.46,83.87,21.07,48.39,260
2014-04-17,127.8,128.25,124.57,124.75,26618200,47.94,83.87,21.07,42.79,260
2014-04-25,124.07,125.71,122.8404,125.43,32991800,49.11,83.87,21.07,44.65,260
2014-05-02,125.3,125.67,123.06,125.06,37092600,48.47,83.87,21.07,43.63,260
2014-05-09,126.47,126.63,123.82,124.1,23969900,46.78,83.87,21.07,40.93,260
2014-05-16,125.4,125.96,124.29,124.5,20598100,47.6,83.87,21.07,42.24,260
2014-05-23,125.28,125.47,123.53,124.51,20184600,47.62,83.87,21.07,42.28,260
2014-05-30,122.98,123.07,119.62,120.43,31934100,40.26,83.87,21.07,30.56,260
2014-06-06,119.93,120.88,119.42,120.61,23772000,40.7,83.87,21.07,31.25,260
2014-06-13,120.79,123.036,120.57,122.96,21332000,46.21,83.87,21.07,40.03,260
2014-06-20,122.88,127.23,121.82,126.5,48758700,53.26,83.87,21.07,51.25,260
2014-06-27,126.65,127.55,126.2,126.66,27899800,53.56,83.87,21.07,51.72,260
2014-07-03,126.53,128.24,126.37,127.16,36930700,54.52,83.87,21.07,53.27,260
2014-07-11,126.63,129.21,126.23,128.78,29844900,57.61,83.87,21.07,58.18,260
2014-07-18,125.5,127.55,124.36,126.13,43991800,51.46,83.87,21.07,48.38,260
2014-07-25,126.53,126.55,123.9,125.791,23970100,50.71,83.87,21.07,47.19,260
2014-08-01,125.44,125.88,123.23,124.38,31388900,47.61,83.87,21.07,42.26,260
2014-08-08,124.36,126.51,123.4,126.19,37127300,51.69,83.87,21.07,48.75,260
2014-08-15,125.84,126.81,124.41,125.483,28157100,50.05,83.87,21.07,46.14,260
2014-08-22,124.78,125.08,122.45,123.19,26974500,45.06,83.87,21.07,38.2,260
2014-08-29,122.92,124.33,122.72,123.86,18451700,46.73,83.87,21.07,40.86,260
2014-09-05,121.97,122.66,121.25,122.06,24310200,42.96,83.87,21.07,34.85,260
2014-09-12,121.58,121.61,118.07,118.38,36411900,36.47,83.87,21.07,24.51,260
2014-09-19,118.79,119.43,116.72,117.09,35887300,34.5,83.87,21.07,21.38,260
2014-09-26,116.72,117.99,116.2,117.06,29507535,34.45,83.87,21.07,21.3,260
2014-10-03,117.27,117.4,114.42,114.61,38896942,30.8,83.87,21.07,15.48,260
2014-10-10,115.16,118.26,114.94,117.59,34861944,39.24,83.87,21.07,28.93,260
2014-10-17,118.14,120.18,117.93,118.99,34646772,42.77,83.87,21.07,34.56,260
2014-10-24,119.68,120.5,117.88,118.35,21371589,41.58,83.87,21.07,32.66,260
2014-10-31,118.18,118.48,111.655,112.66,39667768,32.83,83.87,21.07,18.73,260
2014-11-07,112.39,113.15,109.67,112.97,44512414,33.65,83.87,21.07,20.03,260
2014-11-14,112.24,114.72,110.28,114.47,41321413,37.62,83.87,21.07,26.34,260
2014-11-21,113.97,115.96,112.88,115.39,35188277,39.99,83.87,21.07,30.12,260
2014-11-28,115.15,115.47,111.95,112.11,26546179,34.9,83.87,21.07,22.02,260
2014-12-05,113.8,117.36,113.74,114.43,37733995,40.65,83.87,21.07,31.17,260
2014-12-12,114.97,118.99,114.46,117.41,29905011,47.11,83.87,21.07,41.46,260
2014-12-19,116.22,116.9698,113.58,114.77,36972731,42.68,83.87,21.07,34.4,260
2014-12-26,114.81,114.98,112.41,114.83,20509050,42.81,83.87,21.07,34.61,260
2015-01-02,114.61,116.26,112.32,114.08,35683428,41.53,83.87,21.07,32.57,260
2015-01-09,114.78,117.5,114.73,117.26,40824157,48.57,83.87,21.07,43.79,260
2015-01-16,117.46,123.15,117.32,122.52,55845475,57.66,83.87,21.07,58.26,260
2015-01-23,123.63,125.58,123.35,124.23,42833087,60.13,83.87,21.07,62.19,260
2015-01-30,123.33,124.64,120.26,123.45,51363790,58.46,83.87,21.07,59.53,260
2015-02-06,121.84,123.155,117.95,118.64,42609815,49.34,83.87,21.07,45.01,260
2015-02-13,118.83,119.4,117.0,117.98,24554833,48.23,83.87,21.07,43.24,260
2015-02-20,116.4,116.54,114.99,115.28,28765610,43.87,83.87,21.07,36.3,260
2015-02-27,115.11,117.07,114.29,116.16,29731269,45.6,83.87,21.07,39.05,260
2015-03-06,116.5,116.64,111.7,111.86,34554324,39.25,83.87,21.07,28.95,260
2015-03-13,112.42,112.62,110.16,110.88,30278883,37.95,83.87,21.07,26.88,260
2015-03-20,111.09,114.0,109.77,113.57,39184742,43.47,83.87,21.07,35.67,260
2015-03-27,113.7,115.84,113.4899,115.06,20653467,46.32,83.87,21.07,40.2,260
2015-04-02,113.9,115.99,113.4065,115.28,19971824,46.75,83.87,21.07,40.88,260
2015-04-10,117.32,117.47,114.48,115.966,22589457,48.13,83.87,21.07,43.09,260
2015-04-17,115.35,115.79,114.39,115.6,17126207,47.42,83.87,21.07,41.96,260
2015-04-24,114.82,115.56,112.77,113.05,23558164,42.71,83.87,21.07,34.45,260
2015-05-01,113.87,116.62,112.28,113.08,39731016,42.78,83.87,21.07,34.57,260
2015-05-08,114.18,115.11,113.32,113.97,26201169,44.99,83.87,21.07,38.09,260
2015-05-15,114.09,117.75,113.08,117.53,29311049,52.84,83.87,21.07,50.59,260
2015-05-22,117.78,117.88,115.32,115.6,18858494,48.78,83.87,21.07,44.12,260
2015-05-29,113.84,114.48,113.21,114.1,17114763,45.83,83.87,21.07,39.42,260
2015-06-05,115.02,115.5,111.5668,112.24,28256298,42.4,83.87,21.07,33.96,260
2015-06-12,112.39,114.14,112.13,113.23,19538079,44.77,83.87,21.07,37.73,260
2015-06-19,113.28,115.61,112.63,115.12,28190069,49.07,83.87,21.07,44.58,260
2015-06-26,113.79,113.94,112.13,112.56,20554385,44.06,83.87,21.07,36.61,260
2015-07-02,112.81,113.23,111.41,111.76,21963958,42.6,83.87,21.07,34.28,260
2015-07-10,111.71,112.58,110.05,111.49,26425081,42.09,83.87,21.07,33.47,260
2015-07-17,110.43,111.14,108.4,108.65,35651433,37.09,83.87,21.07,25.5,260
2015-07-24,106.6,106.65,103.431,105.35,51957996,32.28,83.87,21.07,17.85,260
2015-07-31,104.94,105.75,103.86,104.93,35195062,31.72,83.87,21.07,16.95,260
2015-08-07,104.59,105.38,103.78,104.65,20099440,31.33,83.87,21.07,16.33,260
2015-08-14,105.03,107.91,104.9172,106.85,28246501,37.83,83.87,21.07,26.69,260
2015-08-21,107.37,111.33,106.31,111.13,43391412,48.13,83.87,21.07,43.09,260
2015-08-28,111.54,112.12,107.08,108.7,54859844,43.71,83.87,21.07,36.04,260
2015-09-04,108.19,109.77,107.07,107.49,23657924,41.65,83.87,21.07,32.77,260
2015-09-11,107.6,107.94,105.27,106.16,25064617,39.46,83.87,21.07,29.27,260
2015-09-18,105.86,109.38,105.68,109.21,25767400,46.43,83.87,21.07,40.38,260
2015-09-25,108.49,110.82,107.44,109.81,28564534,47.71,83.87,21.07,42.41,260
2015-10-02,108.37,109.3199,106.47,108.99,27090583,46.09,83.87,21.07,39.83,260
2015-10-09,109.14,111.05,108.46,110.87,31304391,50.25,83.87,21.07,46.46,260
2015-10-16,111.67,113.99,111.01,112.49,43027004,53.57,83.87,21.07,51.75,260
2015-10-23,112.64,113.09,110.9601,111.5,21073871,51.32,83.87,21.07,48.16,260
2015-10-30,111.73,113.25,109.06,109.3,24110344,46.62,83.87,21.07,40.68,260
2015-11-06,108.64,108.84,104.02,104.1,35345807,37.8,83.87,21.07,26.64,260
2015-11-13,104.29,104.65,103.04,103.56,21618480,37.02,83.87,21.07,25.4,260
2015-11-20,103.98,104.09,101.98,103.09,27641208,36.32,83.87,21.07,24.27,260
2015-11-27,102.48,103.25,100.99,101.25,15445761,33.62,83.87,21.07,19.98,260
2015-12-04,101.53,104.21,100.53,104.02,38806101,40.75,83.87,21.07,31.34,260
2015-12-11,103.32,103.66,101.85,103.11,24473752,39.26,83.87,21.07,28.96,260
2015-12-18,102.58,103.2,100.2326,102.04,39187673,37.52,83.87,21.07,26.19,260
2015-12-24,102.95,103.52,102.21,103.05,15033227,40.22,83.87,21.07,30.48,260
2015-12-31,102.48,102.5962,101.31,101.46,13756130,37.48,83.87,21.07,26.12,260
2016-01-08,103.13,106.237,102.485,105.68,38652940,47.67,83.87,21.07,42.35,260
2016-01-15,105.47,105.566,102.4985,104.08,39175843,44.69,83.87,21.07,37.61,260
2016-01-22,104.06,106.16,103.65,105.0,24317115,46.75,83.87,21.07,40.89,260
2016-01-29,105.76,107.93,105.6,106.9492,37543347,50.92,83.87,21.07,47.52,260
2016-02-05,107.54,112.35,107.35,112.32,60897479,60.17,83.87,21.07,62.25,260
2016-02-12,113.67,120.84,112.98,118.36,125852123,67.57,83.87,21.07,74.03,260
2016-02-19,116.0,118.595,114.74,117.58,53953271,65.87,83.87,21.07,71.32,260
2016-02-26,115.44,119.86,115.41,117.11,62647369,64.81,83.87,21.07,69.64,260
2016-03-04,117.59,122.37,117.34,120.54,69532731,68.76,83.87,21.07,75.93,260
2016-03-11,121.18,121.88,118.84,119.41,58451155,66.12,83.87,21.07,71.73,260
2016-03-18,120.27,121.18,117.34,119.8,68385488,66.6,83.87,21.07,72.49,260
2016-03-24,119.0,120.16,116.16,116.33,36297096,58.71,83.87,21.07,59.92,260
2016-04-01,116.73,118.81,115.55,116.93,48861697,59.6,83.87,21.07,61.34,260
2016-04-08,116.67,118.85,115.0,118.43,45032861,61.82,83.87,21.07,64.88,260
2016-04-15,119.47,120.345,116.95,117.92,49357647,60.6,83.87,21.07,62.94,260
2016-04-22,118.53,120.55,117.28,117.89,61721624,60.52,83.87,21.07,62.82,260
2016-04-29,118.14,123.93,118.11,123.65,56416080,68.62,83.87,21.07,75.71,260
2016-05-06,123.78,123.96,121.25,123.18,50806692,67.4,83.87,21.07,73.77,260
2016-05-13,121.2,122.39,120.08,121.71,41779116,63.61,83.87,21.07,67.73,260
2016-05-20,122.93,122.97,118.9201,119.71,53821189,58.77,83.87,21.07,60.02,260
2016-05-27,118.86,119.6,115.29,115.62,46472853,50.32,83.87,21.07,46.58,260
2016-06-03,115.76,118.89,115.2,118.88,35772182,55.78,83.87,21.07,55.26,260
2016-06-10,118.89,122.1,118.41,121.74,52254219,59.93,83.87,21.07,61.88,260
2016-06-17,122.8,125.67,122.03,123.95,81490190,62.84,83.87,21.07,66.5,260
2016-06-24,122.26,126.82,120.06,126.01,80782388,65.36,83.87,21.07,70.52,260
2016-07-01,126.44,128.42,125.06,128.41,80537824,68.08,83.87,21.07,74.85,260
2016-07-08,128.8,131.15,128.17,130.52,70470710,70.29,83.87,21.07,78.36,260
2016-07-15,129.49,129.895,126.03,126.84,70681558,62.21,83.87,21.07,65.5,260
2016-07-22,127.02,127.5,125.31,126.35,42538012,61.2,83.87,21.07,63.89,260
2016-07-29,125.53,129.41,125.11,128.98,60784716,64.52,83.87,21.07,69.19,260
2016-08-05,128.57,130.55,127.39,127.55,40878387,61.44,83.87,21.07,64.28,260
2016-08-12,127.29,129.26,127.2,127.4,45629894,61.11,81.8,21.07,65.92,260
2016-08-19,127.62,129.17,127.46,127.97,45401131,61.95,81.8,21.07,67.3,260
2016-08-26,127.63,128.22,125.82,126.05,55068568,57.46,77.43,21.07,64.57,260
2016-09-02,126.0,126.57,124.55,126.57,52953107,58.34,70.29,21.07,75.73,260
2016-09-09,127.4,129.08,126.7,126.75,47019924,58.66,70.29,21.07,76.38,260
2016-09-16,126.31,126.92,124.67,125.06,57787082,54.45,70.29,21.07,67.83,260
2016-09-23,125.61,128.2,125.17,127.65,47166940,59.28,70.29,21.07,77.63,260
2016-09-30,127.96,128.035,125.235,125.64,37463899,54.46,70.29,21.07,67.84,260
2016-10-07,125.32,125.46,118.42,119.74,83948122,43.32,70.29,21.07,45.21,260
2016-10-14,120.16,120.42,119.289,119.36,29184785,42.72,70.29,21.07,43.98,260
2016-10-21,119.7,121.59,119.58,120.83,28920461,45.87,70.29,21.07,50.39,260
2016-10-28,121.28,122.48,120.16,121.58,31494933,47.46,70.29,21.07,53.62,260
2016-11-04,121.51,124.76,121.23,124.39,55478113,53.02,70.29,21.07,64.92,260
2016-11-11,122.66,124.35,116.23,117.1,80355984,40.92,70.29,21.07,40.32,260
2016-11-18,116.12,117.27,114.96,115.15,56318364,38.39,70.29,21.07,35.19,260
2016-11-25,115.72,115.94,112.35,112.61,39364240,35.33,70.29,21.07,28.98,260
2016-12-02,113.23,113.84,110.63,112.14,41657715,34.78,70.29,21.07,27.86,260
2016-12-09,111.15,112.5,110.19,110.4,37107654,32.74,70.29,21.07,23.71,260
2016-12-16,110.59,111.11,107.0,108.05,52063868,30.17,70.29,21.07,18.48,260
2016-12-23,108.6,108.88,107.2942,107.93,27801289,30.04,70.29,21.07,18.22,260
2016-12-30,108.61,110.62,108.24,109.61,25195291,34.3,70.29,21.07,26.88,260
2017-01-06,109.62,112.94,109.37,111.75,29702176,39.37,70.29,21.07,37.18,260
2017-01-13,112.39,114.93,112.17,114.21,37402120,44.65,70.29,21.07,47.92,260
2017-01-20,115.89,115.96,113.935,115.05,34334053,46.37,70.29,21.07,51.41,260
2017-01-27,115.51,116.17,112.81,113.49,30962903,43.66,70.29,21.07,45.9,260
2017-02-03,113.61,116.57,113.535,116.13,41672250,49.09,70.29,21.07,56.93,260
2017-02-10,117.07,118.59,116.67,117.6,44034926,51.87,70.29,21.07,62.58,260
2017-02-17,116.73,118.4,116.15,117.68,35085041,52.02,70.29,21.07,62.89,260
2017-02-24,117.04,119.88,116.77,119.7,29553842,55.85,70.29,21.07,70.67,260
2017-03-03,119.73,120.4,116.44,117.51,48283265,51.09,70.29,21.07,61.0,260
2017-03-10,117.35,117.35,114.13,114.72,33690179,45.74,70.29,21.07,50.12,260
2017-03-17,114.63,117.29,114.02,116.99,38638340,50.3,70.29,21.07,59.39,260
2017-03-24,117.31,119.25,117.205,118.86,33935747,53.75,70.29,21.07,66.4,260
2017-03-31,119.93,120.08,118.32,118.72,35958137,53.45,70.29,21.07,65.79,260
2017-04-07,118.69,120.67,118.4,119.46,35870475,54.88,70.29,21.07,68.69,260
2017-04-13,119.04,122.65,118.85,122.6,36470610,60.43,70.29,21.07,79.97,260
2017-04-21,122.55,123.07,121.28,122.31,55239348,59.7,70.29,21.07,78.49,260
2017-04-28,120.77,121.51,119.87,120.77,48558387,55.84,70.29,21.07,70.65,260
2017-05-05,120.21,120.75,116.63,117.01,44573846,47.73,70.29,21.07,54.16,260
2017-05-12,117.03,117.16,115.56,116.83,28238959,47.37,70.29,21.07,53.44,260
2017-05-19,117.52,120.02,116.99,119.4,41027582,52.77,70.29,21.07,64.41,260
2017-05-26,119.63,120.79,118.915,120.54,31380808,54.98,70.29,21.07,68.89,260
2017-06-02,120.24,121.71,119.95,121.61,30835934,57.01,70.29,21.07,73.02,260
2017-06-09,121.91,123.31,120.4,120.54,39039508,54.37,70.29,21.07,67.65,260
2017-06-16,120.33,121.88,119.1275,119.34,43069196,51.49,70.29,21.07,61.8,260
2017-06-23,118.74,119.66,118.07,119.43,31036475,51.69,70.29,21.07,62.22,260
2017-06-30,118.29,119.06,117.91,118.02,30958583,48.23,70.29,21.07,55.18,260
2017-07-07,116.54,116.85,114.8,115.28,34881997,42.29,70.29,21.07,43.12,260
2017-07-14,115.02,117.25,114.83,116.77,25614855,46.17,70.29,21.07,51.0,260
2017-07-21,117.42,119.39,117.23,119.26,31241721,51.98,70.29,21.07,62.81,260
2017-07-28,119.52,120.8558,118.55,120.69,32113866,54.99,70.29,21.07,68.91,260
2017-08-04,120.5,121.14,119.2201,119.65,30171849,52.42,70.29,21.07,63.69,260
2017-08-11,119.43,122.83,118.97,122.79,37110281,58.69,70.29,21.07,76.44,260
2017-08-18,121.98,123.54,120.5828,122.3,42867477,57.42,70.29,21.07,73.86,260
2017-08-25,122.54,123.02,121.29,122.74,33671704,58.29,70.29,21.07,75.63,260
2017-09-01,123.33,126.17,123.33,126.06,51086370,64.26,70.29,21.07,87.75,260
2017-09-08,126.65,128.32,126.55,127.97,40883600,67.17,70.29,21.07,93.66,260
2017-09-15,126.74,126.94,125.41,125.53,38019914,60.4,70.29,21.07,79.92,260
2017-09-22,124.71,125.0599,122.49,123.24,39866606,54.82,70.29,21.07,68.58,260
2017-09-29,122.78,124.66,121.55,121.58,42006634,51.14,70.29,21.07,61.09,260
2017-10-06,121.17,121.34,119.7835,121.09,38162484,50.07,70.29,21.07,58.91,260
2017-10-13,121.64,123.86,121.551,123.82,30084138,55.64,70.29,21.07,70.24,260
2017-10-20,123.82,123.97,121.39,121.61,32954732,50.71,70.29,21.07,60.21,260
2017-10-27,120.98,121.9,120.21,120.9,27567982,49.2,70.29,21.07,57.15,260
2017-11-03,120.93,121.96,120.1844,120.62,25373156,48.58,70.29,21.07,55.9,260
2017-11-10,120.72,122.41,120.68,121.13,29862449,49.81,70.29,21.07,58.4,260
2017-11-17,121.43,123.17,120.77,122.86,30832638,53.84,70.29,21.07,66.58,260
2017-11-24,122.3,122.95,121.04,122.32,20303038,52.43,70.29,21.07,63.71,260
2017-12-01,123.26,123.33,120.64,121.59,37555880,50.49,70.29,21.07,59.78,260
2017-12-08,121.15,121.2,118.1,118.48,41755719,43.19,70.29,21.07,44.95,260
2017-12-15,118.37,119.5,117.4,119.18,37154566,45.12,70.29,21.07,48.85,260
2017-12-22,119.63,121.14,119.53,120.94,25820743,49.73,70.29,21.07,58.22,260
2017-12-29,121.55,124.09,121.51,123.65,28041923,55.87,70.29,21.07,70.71,260
2018-01-05,124.66,125.85,124.1,125.33,32736463,59.2,70.29,21.07,77.48,260
2018-01-12,125.2,127.13,124.23,126.96,42782894,62.18,70.29,21.07,83.54,260
2018-01-19,126.6,127.22,125.8,126.42,33277428,60.6,70.29,21.07,80.33,260
2018-01-26,126.51,129.51,126.28,128.07,45959918,63.64,70.29,21.07,86.51,260
2018-02-02,127.58,128.15,125.96,126.39,57755254,58.68,70.29,21.07,76.42,260
2018-02-09,126.82,127.31,124.39,124.77,61311570,54.28,70.29,21.07,67.48,260
2018-02-16,125.19,128.7,125.11,127.96,43956008,60.55,70.29,21.07,80.22,260
2018-02-23,127.28,127.4,125.44,126.14,28643554,55.85,70.29,21.07,70.66,260
2018-03-02,126.45,126.62,123.58,125.39,37716340,53.98,70.29,21.07,66.88,260
2018-03-09,125.35,126.96,124.78,125.54,28155575,54.31,70.29,21.07,67.54,260
2018-03-16,125.04,125.99,124.21,124.6,24991905,51.82,70.29,21.07,62.48,260
2018-03-23,124.57,128.06,123.96,127.61,37591486,58.4,70.29,21.07,75.86,260
2018-03-29,128.05,128.58,125.31,125.79,29722589,53.63,70.29,21.07,66.16,260
2018-04-06,126.65,127.54,125.43,126.39,36447297,54.94,70.29,21.07,68.81,260
2018-04-13,126.45,129.47,126.23,127.45,36905097,57.23,70.29,21.43,73.28,260
2018-04-20,127.74,128.54,126.55,126.63,34678922,54.9,70.29,21.43,68.52,260
2018-04-27,125.62,126.34,124.69,125.5,30807701,51.78,70.29,21.43,62.12,260
2018-05-04,124.41,125.2,123.39,124.54,35737169,49.21,70.29,21.43,56.87,260
2018-05-11,124.5,125.59,123.79,125.0,22871699,50.48,70.29,21.43,59.46,260
2018-05-18,125.16,125.21,122.01,122.41,34226859,43.85,70.29,21.43,45.9,260
2018-05-25,122.16,123.82,121.97,123.21,32484266,46.2,70.29,21.43,50.71,260
2018-06-01,122.84,123.78,122.44,122.49,29508483,44.4,70.29,21.43,47.02,260
2018-06-08,122.85,123.35,122.28,123.01,22859693,46.04,70.29,21.43,50.37,260
2018-06-15,123.1,123.86,120.83,121.34,38900983,41.79,70.29,21.43,41.67,260
2018-06-22,121.35,121.44,119.82,120.34,23520587,39.44,70.29,21.43,36.86,260
2018-06-29,120.0,120.23,118.01,118.65,40219470,35.78,70.29,30.04,14.26,260
2018-07-06,118.18,119.33,117.4,118.86,28821861,36.57,70.29,30.04,16.22,260
2018-07-13,119.65,119.73,117.45,117.61,24834602,33.9,70.29,30.04,9.6,260
2018-07-20,117.51,117.63,115.12,116.56,39122486,31.8,70.29,30.04,4.39,260
2018-07-27,116.25,116.84,115.76,115.83,28154373,30.4,70.29,30.04,0.89,260
2018-08-03,115.8,116.35,114.42,114.92,29764924,28.69,70.29,28.69,0.0,260
2018-08-10,114.56,115.23,114.31,114.69,25820746,28.26,70.29,28.26,0.0,260
2018-08-17,113.81,113.81,111.06,112.13,44591020,23.94,70.29,23.94,0.0,260
2018-08-24,112.38,114.42,112.06,114.16,31286561,32.72,70.29,23.94,18.94,260
2018-08-31,114.12,114.87,113.24,113.51,26562155,31.47,70.29,23.94,16.23,260
2018-09-07,112.75,114.26,112.61,113.23,19575440,30.92,70.29,23.94,15.05,260
2018-09-14,113.26,114.78,112.42,113.02,23435633,30.49,70.29,23.94,14.12,260
2018-09-21,113.6,114.37,112.79,113.49,24904375,32.74,70.29,23.94,18.98,260
2018-09-28,113.68,113.96,111.85,112.76,29442149,31.06,70.29,23.94,15.35,260
2018-10-05,112.4,114.33,112.15,113.8,35955093,36.1,70.29,23.94,26.23,260
2018-10-12,112.25,116.04,111.9,115.23,70785825,42.34,70.29,23.94,39.69,260
2018-10-19,116.12,116.6,115.63,116.01,43856827,45.47,70.29,23.94,46.45,260
2018-10-26,115.57,117.65,115.43,116.77,50504894,48.4,70.29,23.94,52.78,260
2018-11-02,116.41,117.07,114.66,116.65,49835323,47.97,70.29,23.94,51.84,260
2018-11-09,116.28,116.67,114.14,114.48,43752644,40.76,70.29,23.94,36.29,260
2018-11-16,114.01,115.88,113.42,115.62,48245878,45.4,70.29,23.94,46.3,260
2018-11-23,115.45,116.35,115.37,115.77,30144455,46.0,70.29,23.94,47.6,260
2018-11-30,115.84,116.24,114.59,115.54,42127889,45.18,70.29,23.94,45.83,260
2018-12-07,116.6,118.23,116.3,118.09,35320346,54.79,70.29,23.94,66.57,260
2018-12-14,117.7,117.95,116.58,117.06,30283712,50.91,70.29,23.94,58.19,260
2018-12-21,117.37,119.74,117.35,118.72,62070364,56.28,70.29,23.94,69.79,260
2018-12-28,119.57,121.08,119.57,121.06,42769068,62.52,70.29,23.94,83.24,260
2019-01-04,120.98,122.46,120.69,121.44,50000804,63.43,70.29,23.94,85.2,260
2019-01-11,122.16,122.34,121.06,121.8,40967661,64.31,70.29,23.94,87.11,260
2019-01-18,122.15,122.44,121.02,121.02,40322818,60.87,70.29,23.94,79.69,260
2019-01-25,121.18,122.91,120.86,122.86,29887385,65.55,70.29,23.94,89.79,260
2019-02-01,122.75,125.23,122.72,124.5,54931357,69.1,70.29,23.94,97.45,260
2019-02-08,123.99,124.42,123.4,124.21,29936331,67.77,70.29,23.94,94.58,260
2019-02-15,123.19,125.0,123.19,124.8,35200915,69.08,70.29,23.94,97.39,260
2019-02-22,125.98,127.21,125.05,125.5,38577664,70.59,70.59,23.94,100.0,260
2019-03-01,125.78,125.9,121.87,121.88,42195247,55.43,70.59,23.94,67.49,260
2019-03-08,121.56,122.89,121.03,122.84,38729634,58.01,70.59,23.94,73.01,260
2019-03-15,122.52,123.88,121.92,122.97,36566316,58.36,70.59,23.94,73.77,260
2019-03-22,123.3,124.42,122.65,123.97,39260601,61.05,70.59,23.94,79.55,260
2019-03-29,124.56,125.11,121.71,122.01,37912112,53.71,70.59,23.94,63.81,260
2019-04-05,122.4,122.43,120.96,121.98,36810903,53.6,70.59,23.94,63.58,260
2019-04-12,122.97,123.77,121.79,121.83,32231540,53.04,70.59,23.94,62.37,260
2019-04-18,121.2,121.82,120.15,120.37,23134841,47.76,70.59,23.94,51.06,260
2019-04-26,120.46,121.67,119.55,121.37,22858688,51.33,70.59,23.94,58.71,260
2019-05-03,120.88,121.55,119.54,120.65,36734472,48.75,70.59,23.94,53.17,260
2019-05-10,120.61,121.73,120.54,121.43,21271268,51.59,70.59,23.94,59.27,260
2019-05-17,122.63,122.85,120.33,120.65,39924817,48.68,70.59,23.94,53.03,260
2019-05-24,120.51,121.52,119.83,121.3,20312684,51.16,70.59,23.94,58.33,260
2019-05-31,120.8,123.4,120.46,123.33,31560731,57.96,70.59,23.94,72.93,260
2019-06-07,124.09,127.25,123.9,126.59,43506209,66.13,70.59,23.94,90.43,260
2019-06-14,125.46,127.63,124.88,126.56,30525241,66.0,70.59,23.94,90.16,260
2019-06-21,126.7,132.17,126.17,131.98,60438016,75.25,75.25,23.94,100.0,260
2019-06-28,132.77,135.55,132.26,133.2,71130174,76.78,76.78,23.94,100.0,260
2019-07-05,131.56,134.1,130.55,132.14,44540082,72.58,76.78,23.94,92.05,260
2019-07-12,132.18,133.87,131.16,133.53,42427500,74.55,76.78,23.94,95.77,260
2019-07-19,133.18,136.63,132.13,134.47,59826526,75.81,76.78,23.94,98.16,260
2019-07-26,134.56,134.95,133.09,133.64,42225613,72.39,76.78,23.94,91.69,260
2019-08-02,134.06,136.6,132.31,135.89,78891393,75.61,76.78,23.94,97.77,260
2019-08-09,137.93,142.47,137.05,141.26,76256584,81.22,81.22,23.94,100.0,260
2019-08-16,141.67,144.02,139.35,142.78,98862917,82.45,82.45,23.94,100.0,260
2019-08-23,141.33,144.33,140.85,144.17,53294660,83.52,83.52,23.94,100.0,260
2019-08-30,144.35,145.68,143.02,143.75,60917045,81.9,83.52,23.94,97.29,260
2019-09-06,144.96,146.82,141.86,141.92,61365517,75.08,83.52,23.94,85.84,260
2019-09-13,142.37,143.1,140.06,140.15,57471392,69.09,83.52,23.94,75.78,260
2019-09-20,141.6,143.03,139.81,142.95,50395792,72.79,83.52,23.94,81.99,260
2019-09-27,143.22,144.77,140.16,141.06,50092958,66.96,83.52,23.94,72.22,260
2019-10-04,139.77,143.25,137.8,141.9,62040993,68.18,83.52,23.94,74.26,260
2019-10-11,141.16,142.58,138.91,140.03,44261046,62.64,83.52,23.94,64.96,260
2019-10-18,140.45,141.12,139.21,140.46,36134631,63.38,83.52,23.94,66.2,260
2019-10-25,140.72,142.83,139.6,141.86,28625860,65.75,83.52,23.94,70.17,260
2019-11-01,141.25,142.9,139.55,142.56,31362201,66.9,83.52,23.94,72.11,260
2019-11-08,142.26,142.45,137.39,137.39,48465795,52.77,83.52,23.94,48.39,260
2019-11-15,137.61,138.94,136.19,138.21,37621764,54.42,83.52,23.94,51.15,260
2019-11-22,138.44,139.0,137.66,137.74,25218924,53.27,83.52,23.94,49.23,260
2019-11-29,137.32,138.13,136.58,137.86,19815535,53.54,83.52,23.94,49.68,260
2019-12-06,137.32,139.57,137.3,137.62,37473407,52.89,83.52,23.94,48.58,260
2019-12-13,137.8,139.85,137.45,139.05,27777286,56.32,83.52,23.94,54.34,260
2019-12-20,139.2,139.55,138.8,139.52,21961819,57.41,83.52,23.94,56.18,260
2019-12-27,139.53,142.73,139.53,142.33,23942724,63.34,83.52,23.94,66.14,260
2020-01-03,142.56,146.32,142.46,145.86,30128303,69.15,83.52,23.94,75.89,260
2020-01-10,148.44,148.61,145.44,146.91,61116304,70.64,83.52,23.94,78.39,260
2020-01-17,146.35,146.99,145.08,146.58,37852829,69.51,83.52,23.94,76.48,260
2020-01-24,145.77,148.38,145.55,147.98,29174207,71.59,83.52,23.94,79.99,260
2020-01-31,149.24,149.68,147.53,149.33,46373518,73.48,83.52,23.94,83.15,260
2020-02-07,148.66,148.78,145.8,147.79,36936640,67.94,83.52,23.94,73.85,260
2020-02-14,148.21,149.13,147.01,149.0,28394867,69.86,83.52,23.94,77.08,260
2020-02-21,149.88,155.22,149.47,154.7,45536052,76.89,83.52,23.94,88.88,260
2020-02-28,158.5,158.53,147.05,148.38,143555545,60.14,83.52,23.94,60.76,260
2020-03-06,150.0,159.25,149.04,157.55,101881424,70.26,83.52,23.94,77.75,260
2020-03-13,158.6,159.37,141.58,143.28,129193063,49.29,83.52,23.94,42.54,260
2020-03-20,137.56,146.2,136.12,140.11,111317734,46.0,83.52,23.94,37.02,260
2020-03-27,142.68,155.66,142.28,152.25,87777155,57.64,83.52,23.94,56.57,260
2020-04-03,152.41,153.09,147.85,152.65,54773855,57.97,83.52,23.94,57.11,260
2020-04-09,154.16,159.08,153.96,158.69,49433649,62.59,83.52,23.94,64.87,260
2020-04-17,159.17,164.42,158.12,158.57,73530732,62.44,83.52,23.94,64.62,260
2020-04-24,158.62,163.6,157.04,162.64,62148781,65.4,83.52,23.94,69.6,260
2020-05-01,161.88,162.0,157.8,159.78,56133234,61.72,83.52,23.94,63.41,260
2020-05-08,160.33,162.0,158.1,160.42,57806347,62.23,83.52,23.94,64.27,260
2020-05-15,160.34,164.8,158.89,163.93,63502802,65.0,83.52,23.94,68.92,260
2020-05-22,164.33,164.96,161.37,163.21,53651664,63.96,83.52,23.94,67.18,260
2020-05-29,162.58,163.4,159.2,162.91,49329472,63.51,83.52,23.94,66.42,260
2020-06-05,162.92,164.08,157.04,158.01,61614360,56.46,83.52,23.94,54.58,260
2020-06-12,158.9,164.06,158.47,162.62,49813400,60.86,83.52,23.94,61.97,260
2020-06-19,160.52,164.09,160.16,164.03,38810648,62.12,83.52,23.94,64.09,260
2020-06-26,165.06,166.99,164.22,166.54,52161737,64.33,83.52,23.94,67.79,260
2020-07-02,166.56,167.99,165.34,166.98,41416301,64.72,83.52,23.94,68.44,260
2020-07-10,167.75,170.86,167.19,169.19,52066287,66.68,83.52,23.94,71.73,260
2020-07-17,170.29,170.43,168.65,170.12,50196331,67.49,83.52,23.94,73.1,260
2020-07-24,170.76,179.16,170.27,178.7,80162275,73.87,83.52,23.94,83.8,260
2020-07-31,181.85,186.14,181.42,185.43,101866574,77.58,83.52,23.94,90.04,260
2020-08-07,185.05,194.4499,184.2,190.81,106074206,80.02,83.52,23.94,94.14,260
2020-08-14,191.2,192.61,179.04,182.54,123570393,67.79,83.52,23.94,73.61,260
2020-08-21,184.69,189.4,180.47,182.03,85685291,67.11,83.52,23.94,72.46,260
2020-08-28,182.91,185.4,179.37,184.39,63877649,68.68,83.52,23.94,75.1,260
2020-09-04,184.79,186.99,180.05,181.64,56221924,64.8,83.52,23.94,68.58,260
2020-09-11,179.5,184.68,179.02,182.45,38459213,65.42,83.52,23.94,69.62,260
2020-09-18,183.57,185.01,181.48,183.2,49216679,66.02,83.52,23.94,70.63,260
2020-09-25,179.84,180.29,173.77,174.94,62086451,54.81,83.52,23.94,51.81,260
2020-10-02,175.83,179.5,175.09,178.54,42134930,58.14,83.52,23.94,57.41,260
2020-10-09,179.02,181.17,176.43,181.08,44523885,60.37,83.52,23.94,61.14,260
2020-10-16,180.57,180.83,177.1,178.3,36411637,56.81,83.52,23.94,55.17,260
2020-10-23,179.41,181.31,177.72,178.64,35053412,57.14,83.52,23.94,55.73,260
2020-10-30,178.75,179.43,174.83,176.2,38445099,53.93,83.52,23.94,50.34,260
2020-11-06,177.4499,183.53,177.1301,183.19,51673864,60.74,83.52,23.94,61.76,260
2020-11-13,176.42,177.8,173.64,177.16,64190809,53.41,83.52,23.94,49.46,260
2020-11-20,177.23,177.91,174.17,175.69,37318269,51.77,83.52,23.94,46.71,260
2020-11-27,175.1,175.24,166.78,167.79,55189498,43.96,83.52,23.94,33.6,260
2020-12-04,166.68,173.32,166.03,172.32,56422716,48.73,83.52,23.94,41.62,260
2020-12-11,172.56,175.93,171.24,172.49,40295582,48.91,83.52,23.94,41.91,260
2020-12-18,171.91,177.87,170.91,176.44,38933463,52.95,83.52,23.94,48.69,260
2020-12-24,176.29,176.94,174.34,176.35,27854537,52.85,83.52,23.94,48.52,260
2020-12-31,177.26,178.4,175.57,178.36,27189150,54.95,83.52,23.94,52.05,260
2021-01-08,181.97,183.21,171.48,173.34,77013793,49.07,83.52,23.94,42.18,260
2021-01-15,172.14,174.46,170.975,171.13,62084203,46.7,83.52,23.94,38.21,260
2021-01-22,172.71,175.51,171.92,173.9,31461494,49.96,83.52,23.94,43.68,260
2021-01-29,174.8199,175.1633,171.66,172.61,40304045,48.48,83.52,23.94,41.18,260
2021-02-05,175.02,175.26,167.34,169.81,41175491,45.32,83.52,23.94,35.89,260
2021-02-12,171.9799,173.22,169.88,170.69,29986612,46.5,83.52,23.94,37.87,260
2021-02-19,168.14,170.065,165.73,167.01,41785534,42.39,83.52,23.94,30.97,260
2021-02-26,168.54,169.89,160.95,161.81,66429484,37.36,83.52,23.94,22.53,260
2021-03-05,163.03,163.35,158.43,159.14,64251107,35.06,83.52,23.94,18.67,260
2021-03-12,158.58,161.98,157.1297,161.49,45837135,38.64,83.52,23.94,24.68,260
2021-03-19,162.305,164.15,161.11,163.24,43884900,41.24,83.52,23.94,29.04,260
2021-03-26,162.27,163.5799,161.32,162.24,32024427,40.19,83.52,23.94,27.28,260
2021-04-01,161.46,162.11,157.55,161.98,34491561,39.91,83.52,23.94,26.8,260
2021-04-09,161.52,164.77,161.36,163.27,31593401,42.09,83.52,23.94,30.47,260
2021-04-16,162.73,166.811,161.81,166.35,36513116,47.04,83.52,23.94,38.77,260
2021-04-23,165.91,168.39,165.62,166.4,35421508,47.12,83.52,23.94,38.91,260
2021-04-30,166.63,167.15,164.47,165.66,32398667,46.03,83.52,23.94,37.07,260
2021-05-07,167.61,172.5501,165.5,171.59,53554819,55.04,83.52,23.94,52.2,260
2021-05-14,172.74,172.84,170.225,172.69,47056102,56.49,83.52,23.94,54.63,260
2021-05-21,173.3,177.0,173.28,176.04,57471936,60.65,83.52,23.94,61.63,260
2021-05-28,176.15,178.61,175.87,178.38,41000942,63.3,83.52,23.94,66.06,260
2021-06-04,178.76,178.85,174.66,177.16,34285519,61.0,83.52,23.94,62.2,260
2021-06-11,176.96,177.9,175.48,175.74,37694492,58.34,83.52,23.94,57.74,260
2021-06-18,173.16,175.06,164.87,164.93,74300209,42.98,83.52,23.94,31.96,260
2021-06-25,166.52,168.03,165.97,166.59,38446217,45.36,83.52,23.94,35.96,260
2021-07-02,166.68,167.715,164.01,167.29,37220227,46.38,83.52,23.94,37.66,260
2021-07-09,169.27,169.855,167.54,169.21,27282632,49.17,83.52,23.94,42.35,260
2021-07-16,168.7,171.3,167.64,169.41,39166508,49.46,83.52,23.94,42.84,260
2021-07-23,169.51,170.8,167.95,168.56,28495072,48.18,83.52,23.94,40.69,260
2021-07-30,168.58,171.52,167.72,169.82,34919937,50.24,83.52,23.94,44.14,260
2021-08-06,169.3,171.4,164.55,164.64,47422817,42.73,83.52,23.94,31.54,260
2021-08-13,163.01,166.46,160.68,166.39,38410482,45.69,83.52,23.94,36.5,260
2021-08-20,166.73,167.73,166.16,166.7,36675335,46.22,83.52,23.94,37.39,260
2021-08-27,168.82,170.19,166.74,170.19,32706769,51.9,83.52,23.94,46.92,260
2021-09-03,169.66,171.55,168.75,171.06,27824270,53.22,83.52,23.94,49.15,260
2021-09-10,169.56,169.78,166.7,167.18,30651383,47.0,83.52,23.94,38.7,260
2021-09-17,167.45,169.16,163.233,163.77,39172201,42.31,83.52,23.94,30.84,260
2021-09-24,164.29,167.15,162.74,163.3,39915249,41.7,83.52,23.94,29.8,260
2021-10-01,163.85,164.96,160.97,164.59,39815910,44.11,83.52,23.94,33.85,260
2021-10-08,163.69,166.42,163.47,164.23,32663711,43.57,83.52,23.94,32.94,260
2021-10-15,164.04,168.22,163.91,165.33,34174497,45.75,83.52,23.94,36.61,260
2021-10-22,165.42,169.54,164.81,167.77,30756419,50.35,83.52,23.94,44.33,260
2021-10-29,168.66,169.25,165.64,166.65,31895905,48.33,83.52,23.94,40.93,260
2021-11-05,167.38,169.94,164.38,169.84,33647972,54.0,83.52,23.94,50.46,260
2021-11-12,170.43,174.67,170.06,174.45,35711911,60.72,83.52,23.94,61.73,260
2021-11-19,174.1,174.605,172.235,172.61,35861890,57.13,83.52,23.94,55.71,260
2021-11-26,169.9,170.44,166.32,166.85,36118530,47.65,83.52,23.94,39.79,260
2021-12-03,166.84,169.01,164.63,166.63,47257750,47.33,83.52,23.94,39.25,260
2021-12-10,166.14,167.08,165.65,166.58,25367657,47.25,83.52,23.94,39.12,260
2021-12-17,166.9,169.125,163.8,167.8,50533725,49.45,83.52,23.94,42.81,260
2021-12-23,167.88,169.16,166.74,168.97,20745528,51.54,83.52,23.94,46.32,260
2021-12-31,168.96,171.04,167.28,170.96,27536037,54.95,83.52,23.94,52.04,260
2022-01-07,168.86,170.93,166.86,167.75,43790203,48.96,83.52,23.94,42.0,260
2022-01-14,167.36,170.75,167.31,169.67,36520443,52.31,83.52,23.94,47.61,260
2022-01-21,169.6401,172.5999,169.09,171.09,45361131,54.67,83.52,23.94,51.59,260
2022-01-28,171.78,173.1499,166.365,167.1,76575260,47.54,83.52,23.94,39.61,260
2022-02-04,167.79,169.12,167.03,168.86,47658870,50.6,83.52,23.94,44.75,260
2022-02-11,169.45,174.2,169.19,173.81,58036643,58.02,83.52,23.94,57.21,260
2022-02-18,173.78,177.53,172.39,177.12,70402988,62.12,83.52,23.94,64.09,260
2022-02-25,177.67,182.6,175.27,176.55,70833090,61.02,83.52,23.94,62.24,260
2022-03-04,178.86,183.98,176.5,183.68,94963306,68.55,83.52,23.94,74.88,260
2022-03-11,184.45,193.3,183.44,185.09,135419062,69.8,83.52,23.94,76.97,260
2022-03-18,183.03,183.29,176.87,179.3,72586277,59.41,83.52,23.94,59.53,260
2022-03-25,179.33,183.51,178.3231,182.38,51327915,62.6,83.52,23.94,64.89,260
2022-04-01,180.38,181.96,176.69,179.5,51188731,58.01,83.52,23.94,57.18,260
2022-04-08,180.2439,181.82,178.7,181.47,47587813,60.16,83.52,23.94,60.8,260
2022-04-14,183.17,184.94,181.11,184.04,42314692,62.84,83.52,23.94,65.29,260
2022-04-22,185.95,186.1,179.74,180.29,47140552,56.84,83.52,23.94,55.22,260
2022-04-29,177.17,178.615,175.5,176.91,44907384,52.02,83.52,23.94,47.13,260
2022-05-06,173.6121,177.61,172.98,175.42,52436331,50.01,83.52,23.94,43.75,260
2022-05-13,174.27,174.27,168.01,168.79,55590298,42.18,83.52,23.94,30.62,260
2022-05-20,168.43,172.5197,168.34,172.03,38391560,46.58,83.52,23.94,38.0,260
2022-05-27,173.13,174.41,171.73,172.85,27223264,47.67,83.52,23.94,39.82,260
2022-06-03,172.71,174.45,171.08,172.58,24333019,47.33,83.52,23.94,39.25,260
2022-06-10,172.81,174.94,170.46,174.54,34324174,50.11,83.52,23.94,43.93,260
2022-06-17,171.18,172.77,168.3,171.27,45844253,45.76,83.52,23.94,36.62,260
2022-06-24,171.06,172.3,169.85,170.09,24845483,44.27,83.52,23.94,34.12,260
2022-07-01,170.595,170.7,166.96,168.32,34014433,42.05,83.52,23.94,30.39,260
2022-07-08,167.18,167.33,161.47,162.3,35069100,35.53,83.52,23.94,19.45,260
2022-07-15,161.93,162.705,158.22,159.01,37150779,32.56,83.52,23.94,14.46,260
2022-07-22,160.08,162.13,158.025,160.67,25980909,35.49,83.52,23.94,19.38,260
2022-07-29,160.64,164.69,159.51,164.1,25238874,41.18,83.52,23.94,28.93,260
2022-08-05,164.98,167.31,163.475,165.29,26335350,43.05,83.52,23.94,32.08,260
2022-08-12,166.03,167.98,165.93,167.87,20337723,47.0,83.52,23.94,38.71,260
2022-08-19,165.99,166.25,162.615,162.72,26915933,40.91,83.52,23.94,28.48,260
2022-08-26,161.66,163.985,161.36,161.76,21632346,39.87,83.52,23.94,26.73,260
2022-09-02,161.88,162.62,157.32,159.26,27466563,37.22,83.52,23.94,22.29,260
2022-09-09,159.17,160.24,158.08,159.82,16902113,38.21,83.52,23.94,23.95,260
2022-09-16,161.04,161.62,154.34,155.84,37477416,34.09,83.52,23.94,17.04,260
2022-09-23,154.87,157.25,152.64,153.01,34902326,31.5,83.52,23.94,12.68,260
2022-09-30,153.22,156.045,151.0301,154.67,37518505,34.64,83.52,23.94,17.96,260
2022-10-07,155.438,161.08,155.23,157.88,34425705,40.35,83.52,23.94,27.54,260
2022-10-14,155.94,156.81,152.72,152.98,27974354,35.28,83.52,23.94,19.04,260
2022-10-21,154.92,155.33,151.27,154.15,29051745,37.31,83.52,23.94,22.43,260
2022-10-28,153.45,155.73,152.5,153.16,20858694,36.27,83.52,23.94,20.7,260
2022-11-04,152.16,156.6,150.5703,156.47,30992524,42.05,83.52,23.94,30.4,260
2022-11-11,156.22,164.58,155.81,164.56,36328252,53.22,83.52,23.94,49.14,260
2022-11-18,164.2,166.23,162.68,162.79,28636096,50.91,83.52,23.94,45.26,260
2022-11-25,162.44,163.43,161.28,163.22,13573862,51.46,83.52,23.94,46.19,260
2022-12-02,162.93,167.95,161.91,167.26,25361022,56.41,83.52,23.94,54.51,260
2022-12-09,166.55,168.085,164.3201,167.06,22293776,56.11,83.52,23.94,53.99,260
2022-12-16,166.438,169.79,165.1,166.79,29640449,55.67,83.52,23.94,53.26,260
2022-12-23,166.71,169.71,165.99,167.26,24318659,56.31,83.52,23.94,54.33,260
2022-12-30,167.89,170.61,167.1,169.64,16758500,59.5,83.52,23.94,59.68,260
2023-01-06,171.32,173.96,169.79,173.71,28149124,64.29,83.52,23.94,67.73,260
2023-01-13,174.51,178.825,173.72,178.76,27312802,69.17,83.52,23.94,75.92,260
2023-01-20,178.21,180.03,176.9,179.29,24429003,69.64,83.52,23.94,76.7,260
2023-01-27,178.35,181.22,177.78,179.22,28708340,69.49,83.52,23.94,76.45,260
2023-02-03,179.286,181.73,173.12,173.46,40700456,58.33,83.52,23.94,57.73,260
2023-02-10,174.11,175.52,172.63,173.36,28159219,58.16,83.52,23.94,57.43,260
2023-02-17,172.7,173.51,169.52,171.26,24159419,54.47,83.52,23.94,51.25,260
2023-02-24,171.2,171.5,168.19,168.35,19711583,49.77,83.52,23.94,43.35,260
2023-03-03,168.88,172.595,168.55,172.49,28707936,55.64,83.52,23.94,53.2,260
2023-03-10,172.32,173.88,168.52,173.87,38082404,57.43,83.52,23.94,56.2,260
2023-03-17,176.66,184.81,176.21,183.77,80040682,67.53,83.52,23.94,73.17,260
2023-03-24,184.19,186.24,179.9,183.65,55149956,67.32,83.52,23.94,72.81,260
2023-03-31,181.15,184.4401,180.69,183.22,32487766,66.53,83.52,23.94,71.48,260
2023-04-06,183.85,188.86,183.32,186.49,41061251,69.47,83.52,23.94,76.43,260
2023-04-14,185.18,190.41,184.19,186.36,49773203,69.21,83.52,23.94,75.99,260
2023-04-21,185.89,187.03,183.22,184.25,39372092,64.95,83.52,23.94,68.84,260
2023-04-28,184.07,186.65,183.38,184.8,40485755,65.55,83.52,23.94,69.84,260
2023-05-05,186.05,191.36,183.91,187.46,59341305,68.35,83.52,23.94,74.54,260
2023-05-12,187.82,189.64,186.58,186.81,37899333,66.92,83.52,23.94,72.14,260
2023-05-19,187.3,187.88,181.335,183.64,39767736,60.29,83.52,23.94,61.01,260
2023-05-26,183.22,183.84,180.09,180.92,30655098,55.23,83.52,23.94,52.52,260
2023-06-02,181.72,184.21,180.96,181.05,29368259,55.42,83.52,23.94,52.84,260
2023-06-09,180.79,183.04,180.15,182.04,30558185,56.94,83.52,23.94,55.39,260
2023-06-16,181.8,182.618,180.14,181.63,32327244,56.09,83.52,23.94,53.96,260
2023-06-23,180.06,180.09,177.63,178.2,27656917,49.43,83.52,23.94,42.78,260
2023-06-30,179.05,179.29,175.79,178.27,27409122,49.56,83.52,23.94,43.0,260
2023-07-07,178.61,179.65,176.66,178.64,20071904,50.29,83.52,23.94,44.23,260
2023-07-14,178.37,182.17,178.2601,181.43,23119985,55.56,83.52,23.94,53.08,260
2023-07-21,180.99,184.23,180.64,182.18,25125298,56.89,83.52,23.94,55.3,260
2023-07-28,182.22,183.64,180.32,181.86,26040556,56.12,83.52,23.94,54.01,260
2023-08-04,182.43,183.09,179.28,180.19,28100090,52.16,83.52,23.94,47.37,260
2023-08-11,180.15,180.15,177.49,177.6,26541577,46.67,83.52,30.49,30.51,260
2023-08-18,176.86,177.58,174.93,175.33,37887297,42.45,83.52,30.49,22.55,260
2023-08-25,175.9,178.49,174.96,177.62,29707311,47.6,83.52,30.49,32.26,260
2023-09-01,177.65,181.12,177.51,180.11,28677373,52.57,83.52,30.49,41.63,260
2023-09-08,179.33,179.4438,177.7,178.08,20034970,48.52,83.52,31.06,33.3,260
2023-09-15,178.97,179.105,176.36,178.34,23814578,49.06,83.52,31.06,34.33,260
2023-09-22,178.82,180.66,177.69,178.62,29815047,49.68,83.52,31.5,34.95,260
2023-09-29,178.41,178.71,171.265,171.45,44172033,37.31,83.52,31.5,11.17,260
2023-10-06,170.23,170.46,168.3,169.7,51119119,35.02,83.52,31.5,6.77,260
2023-10-13,171.18,179.095,171.075,178.83,47889092,51.69,83.52,31.5,38.82,260
2023-10-20,177.84,185.23,177.535,183.59,56730314,57.77,83.52,31.5,50.51,260
2023-10-27,183.5099,186.36,181.68,186.15,47935018,60.64,83.52,31.5,56.03,260
2023-11-03,185.54,186.21,182.67,184.79,43783634,58.37,83.52,31.5,51.66,260
2023-11-10,184.14,184.23,179.245,179.51,35906669,50.47,83.52,31.5,36.48,260
2023-11-17,179.4,184.32,179.11,183.67,30251591,55.57,83.52,31.5,46.29,260
2023-11-24,182.32,186.115,182.225,185.52,19499110,57.66,83.52,31.5,50.3,260
2023-12-01,186.56,192.395,185.93,192.01,49915257,64.05,83.52,31.5,62.57,260
2023-12-08,189.599,190.38,184.9,185.64,44903205,55.24,83.52,31.5,45.65,260
2023-12-15,184.5,189.82,183.1513,187.0,41643919,56.61,83.52,31.5,48.28,260
2023-12-22,187.5,191.88,187.24,190.27,29160624,59.8,83.52,31.5,54.41,260
2023-12-29,190.97,193.1823,190.4,191.17,21013385,60.66,83.52,31.5,56.06,260
2024-01-05,191.44,191.89,188.16,189.35,26525731,57.97,83.52,31.5,50.89,260
2024-01-12,187.21,191.08,186.56,189.71,28821727,58.36,83.52,31.5,51.64,260
2024-01-19,189.15,189.26,185.45,187.93,25596120,55.59,83.52,31.5,46.31,260
2024-01-26,187.23,188.37,186.32,187.01,25089403,54.16,83.52,31.5,43.56,260
2024-02-02,188.31,191.36,187.1899,188.61,36107979,56.27,83.52,31.5,47.62,260
2024-02-09,186.875,189.39,186.7,187.6,24865162,54.56,83.52,31.5,44.34,260
2024-02-16,186.6,187.27,183.78,186.34,34010994,52.42,83.52,31.5,40.23,260
2024-02-23,187.96,189.18,187.05,188.62,22699197,55.8,83.52,31.5,46.71,260
2024-03-01,187.79,193.4,187.53,192.89,32741080,61.33,83.52,31.5,57.35,260
2024-03-08,194.15,203.3,193.88,201.63,54291690,69.69,83.52,31.5,73.42,260
2024-03-15,201.71,202.41,199.16,199.71,33526549,66.3,83.52,31.5,66.9,260
2024-03-22,199.66,203.92,198.935,200.35,35773152,66.87,83.52,31.5,68.01,260
2024-03-28,201.19,206.05,200.965,205.72,25022880,71.32,83.52,31.5,76.56,260
2024-04-05,208.68,215.74,206.29,215.14,62776202,77.13,83.52,31.5,87.71,260
2024-04-12,215.98,225.09,214.61,216.89,78910174,78.02,83.52,31.5,89.43,260
2024-04-19,217.94,222.36,215.16,221.03,50691981,80.0,83.52,31.5,93.24,260
2024-04-26,216.35,217.0676,213.87,216.62,42750673,72.5,83.52,31.5,78.82,260
2024-05-03,216.02,217.215,210.71,212.96,42999242,66.89,83.52,31.5,68.04,260
2024-05-10,215.14,219.6,213.5,218.71,33397334,70.72,83.52,31.5,75.41,260
2024-05-17,217.06,223.8501,215.8,223.66,33640326,73.56,83.52,31.5,80.86,260
2024-05-24,223.79,225.66,215.66,215.92,32646880,63.24,83.52,31.5,61.03,260
2024-05-31,218.43,218.59,214.65,215.3,16683122,62.49,83.52,31.5,59.58,260
2024-06-07,215.92,219.97,211.54,211.6,34640180,58.03,83.52,31.5,51.01,260
2024-06-14,213.13,216.55,212.26,215.73,27073204,61.34,83.52,31.5,57.38,260
2024-06-21,214.9,218.7413,213.6,214.78,25025001,60.17,83.52,31.5,55.12,260
2024-06-28,215.55,215.94,212.1204,215.01,22097882,60.37,83.52,31.5,55.5,260
2024-07-05,215.25,221.28,214.485,220.93,19725456,65.17,83.52,31.5,64.74,260
2024-07-12,219.64,224.1489,217.265,223.11,29754769,66.77,83.52,31.5,67.81,260
2024-07-19,223.39,229.65,221.41,221.73,39561928,64.74,83.52,31.5,63.91,260
2024-07-26,221.58,224.88,217.52,220.63,32714381,63.1,83.52,31.5,60.76,260
2024-08-02,221.26,228.76,219.045,225.34,35247751,66.97,83.52,31.5,68.19,260
2024-08-09,220.56,225.28,220.11,224.56,39357166,65.74,83.52,31.5,65.83,260
2024-08-16,226.14,232.02,225.12,231.99,34961838,71.16,81.9,31.5,78.7,260
2024-08-23,230.15,234.01,228.26,232.02,30759356,71.18,80.02,31.5,81.78,260
2024-08-30,233.45,233.61,230.5501,231.29,23815596,69.92,80.02,31.5,79.18,260
2024-09-06,230.38,232.89,228.52,230.63,22200548,68.74,80.02,31.5,76.74,260
2024-09-13,231.26,238.98,230.39,238.68,29964531,74.43,80.02,31.5,88.47,260
2024-09-20,238.73,242.625,235.3,242.21,34897416,76.46,80.02,31.5,92.65,260
2024-09-27,242.97,247.37,242.585,245.02,36576658,77.95,80.02,31.5,95.73,260
2024-10-04,243.97,246.98,242.5,245.0,35949760,77.91,80.02,31.5,95.65,260
2024-10-11,244.58,245.92,240.63,245.47,26221555,78.18,80.02,31.5,96.21,260
2024-10-18,245.16,251.37,244.26,251.27,28005446,81.22,81.22,31.5,100.0,260
2024-10-25,252.74,253.94,250.2,253.32,33482532,82.17,82.17,31.5,100.0,260
2024-11-01,253.01,257.71,252.2,252.47,35694615,80.36,82.17,31.5,96.43,260
2024-11-08,253.32,253.9893,244.9506,247.96,40300897,71.39,82.17,31.5,78.73,260
2024-11-15,242.73,242.73,236.1326,236.59,45792960,54.79,82.17,31.5,45.97,260
2024-11-22,240.46,250.39,240.45,249.84,34872218,65.0,82.17,31.5,66.13,260
2024-11-29,244.27,245.81,241.48,245.59,25310262,60.3,82.17,31.5,56.84,260
2024-12-06,244.46,245.34,242.15,242.95,21278308,57.51,82.17,31.5,51.34,260
2024-12-13,246.28,251.26,244.27,244.29,37139451,58.56,82.17,31.5,53.41,260
2024-12-20,245.41,245.54,238.73,242.1,33388596,56.13,82.17,31.5,48.61,260
2024-12-27,241.6,243.56,240.65,241.4,17636724,55.34,82.17,31.5,47.05,260
2025-01-03,241.08,245.53,239.58,243.49,17162086,57.27,82.17,31.5,50.87,260
2025-01-10,242.33,249.04,242.05,248.21,27532701,61.35,82.17,31.5,58.91,260
2025-01-17,246.34,251.39,245.151,249.27,37257261,62.22,82.17,31.5,60.63,260
2025-01-24,251.95,257.07,251.83,255.65,26734759,67.04,82.17,31.5,70.14,260
2025-01-31,253.86,259.99,251.92,258.56,38750278,68.98,82.17,31.5,73.98,260
2025-02-07,259.75,266.345,259.5236,263.9,51938107,72.22,82.17,31.5,80.37,260
2025-02-14,268.0,270.39,265.45,266.29,49642628,73.55,82.17,31.5,82.99,260
2025-02-21,269.68,271.84,269.24,270.74,33802732,75.87,82.17,31.5,87.57,260
2025-02-28,271.45,272.32,261.25,263.27,43609287,65.49,82.17,31.5,67.09,260
2025-03-07,265.07,270.34,265.07,268.39,39765027,68.66,82.17,31.5,73.34,260
2025-03-14,267.62,276.3,265.64,275.24,50114114,72.31,82.17,31.5,80.55,260
2025-03-21,275.54,281.479,275.39,278.49,42224731,73.87,82.17,31.5,83.63,260
2025-03-28,278.91,284.64,276.86,284.06,34742126,76.33,82.17,31.5,88.48,260
2025-04-04,287.53,289.13,278.02,279.72,82964983,70.74,82.17,31.5,77.46,260
2025-04-11,278.855,299.275,272.58,297.93,98706635,78.01,82.17,31.5,91.8,260
2025-04-17,295.54,308.0599,294.53,306.12,59417628,80.37,82.17,31.5,96.46,260
2025-04-25,315.015,317.63,300.59,304.73,102572571,78.83,82.17,31.5,93.41,260
2025-05-02,304.15,309.11,295.32,297.98,48206912,71.62,82.17,31.5,79.18,260
2025-05-09,305.92,315.62,303.05,306.84,47119969,74.87,82.17,31.5,85.59,260
2025-05-16,298.33,300.3,291.78,294.24,67080854,63.7,82.17,31.5,63.55,260
2025-05-23,297.845,310.25,296.482,309.75,59965397,69.69,82.17,31.5,75.38,260
2025-05-30,303.81,306.89,301.5,303.6,37437491,65.1,82.17,31.5,66.32,260
2025-06-06,309.21,312.2,305.1,305.18,49014362,65.73,82.17,31.5,67.55,260
2025-06-13,305.39,317.6,305.06,316.29,51603860,69.82,82.17,31.5,75.62,260
2025-06-20,314.8,314.87,309.25,310.13,39248051,65.17,82.17,31.5,66.46,260
2025-06-27,310.34,312.67,299.89,301.22,51545073,59.05,82.17,31.5,54.38,260
2025-07-03,302.385,309.395,301.95,307.14,31119948,61.63,82.17,31.5,59.47,260
2025-07-11,305.07,310.28,302.77,309.14,46083126,62.49,82.17,31.5,61.16,260
2025-07-18,309.07,311.09,305.12,308.39,43831526,61.93,82.17,31.5,60.06,260
2025-07-25,311.88,316.24,306.2,307.4,52310274,61.15,82.17,31.5,58.52,260
2025-08-01,306.44,309.55,300.955,309.11,50300469,62.04,82.17,31.5,60.28,260
2025-08-08,310.8,313.53,309.84,313.05,52833142,64.08,82.17,31.5,64.3,260
2025-08-15,308.62,310.39,306.52,307.43,36554851,59.19,82.17,31.5,54.66,260
2025-08-22,307.79,311.025,305.19,310.58,31030957,60.99,82.17,31.5,58.2,260
2025-08-29,309.67,318.09,309.67,318.07,45315803,64.94,82.17,31.5,65.99,260
2025-09-05,320.82,331.44,320.24,331.05,64796980,70.51,82.17,31.5,76.99,260
2025-09-12,333.66,338.31,326.19,335.42,70907286,72.11,82.17,31.5,80.16,260
2025-09-19,336.31,341.24,333.81,339.18,69162549,73.45,82.17,31.5,82.8,260
2025-09-26,342.75,348.75,341.84,346.74,67817264,75.95,82.17,31.5,87.74,260
2025-10-03,351.79,358.67,350.865,357.64,75231596,79.02,82.17,31.5,93.79,260
2025-10-10,362.16,373.57,361.37,369.12,119850303,81.67,82.17,31.5,99.03,260
2025-10-17,376.5,397.28,375.5797,388.99,153168786,85.17,85.17,31.5,100.0,260
2025-10-24,397.45,403.3,368.93,377.52,146107862,76.14,85.17,31.5,83.18,260
2025-10-31,371.13,371.59,360.12,368.12,87697708,69.63,85.17,31.5,71.04,260
2025-11-07,368.91,370.84,361.39,368.31,44970867,69.68,85.17,31.5,71.15,260
2025-11-14,375.93,388.18,370.89,375.96,71479008,71.95,85.17,31.5,75.36,260
2025-11-21,374.035,380.17,368.52,374.27,55795562,70.69,85.17,31.5,73.02,260
2025-11-28,374.88,388.0,374.19,387.88,36907602,74.54,85.17,31.5,80.2,260
2025-12-05,390.61,391.735,382.9103,386.44,43372030,73.44,85.17,31.5,78.15,260
2025-12-12,387.02,400.39,384.01,395.44,49922610,75.84,85.17,31.5,82.62,260
2025-12-19,397.76,402.21,394.0738,399.02,52735795,76.74,85.17,31.5,84.29,260
2025-12-26,406.98,418.45,405.72,416.74,44589997,80.59,85.17,31.5,91.47,260
2026-01-02,403.66,403.8,395.33,398.28,51425577,67.96,85.17,31.5,67.94,260
2026-01-09,406.39,415.29,406.15,414.47,58358165,72.09,85.17,31.5,75.64,260
2026-01-16,421.52,426.86,417.04,421.29,91095710,73.64,85.17,31.5,78.51,260
2026-01-23,436.69,458.75,434.1,458.0,100684848,80.03,85.17,31.5,90.43,260
2026-01-30,466.78,509.7,430.8,444.95,261931922,73.23,85.17,31.5,77.75,260
2026-02-06,434.01,463.1,422.55,455.46,124691980,75.07,85.17,31.5,81.18,260
2026-02-13,461.39,468.61,448.06,462.62,64250235,76.26,85.17,31.5,83.41,260
2026-02-20,450.26,468.62,445.53,468.62,43930076,77.25,85.17,31.5,85.24,260
2026-02-27,474.65,483.9,442.04,483.75,73713076,79.55,85.17,31.5,89.53,260
2026-03-06,490.095,492.15,458.93,473.51,74658643,74.08,85.17,31.5,79.35,260
2026-03-13,468.09,481.31,460.22,460.84,49611695,67.87,85.17,31.5,67.77,260
2026-03-20,461.265,462.8,411.23,413.38,92360711,50.71,85.17,31.5,35.8,260
2026-03-27,405.12,420.66,399.2,414.7,102325571,51.08,85.17,31.5,36.49,260
2026-04-02,419.54,440.19,412.66,429.41,52678127,55.13,85.17,31.5,44.03,260
2026-04-10,428.87,440.905,423.1,437.13,35312157,57.13,85.17,31.5,47.76,260
2026-04-17,434.775,448.7,431.63,445.93,35799046,59.36,85.17,31.5,51.92,260
2026-04-24,443.13,443.42,428.22,433.25,34031594,54.93,85.17,31.5,43.66,260
2026-05-01,431.66,431.8,414.16,423.18,32925535,51.63,85.17,31.5,37.52,260
2026-05-08,418.84,437.42,413.2801,433.77,30776582,54.71,85.17,31.5,43.25,260
2026-05-15,434.182,436.04,414.12,417.29,29792053,49.44,85.17,31.5,33.43,260
2026-05-22,419.82,420.9299,409.8808,413.82,27191796,48.38,85.17,31.5,31.46,260
2026-05-29,415.16,421.82,404.3,417.12,26612775,49.49,85.17,31.5,33.52,260
2026-06-05,409.86,414.3999,395.92,396.24,31141188,43.18,85.17,31.5,21.77,260
2026-06-12,397.52,400.48,371.88,386.54,51735865,40.59,85.17,31.5,16.95,260
2026-06-18,399.49,402.04,385.6,387.12,37451429,40.82,85.17,31.5,17.37,260
2026-06-26,384.25,386.41,363.32,373.63,42734424,37.24,85.17,31.5,10.69,260
2026-07-02,370.575,380.27,366.97,378.13,26974576,39.16,85.17,31.5,14.27,260
2026-07-10,380.21,383.5999,368.95,377.01,26660509,38.84,85.17,31.5,13.68,260
2026-07-17,372.77,376.28,363.6,368.41,36653460,36.39,85.17,31.5,9.12,260
2026-07-24,367.79,382.22,366.8,371.9,30781203,38.1,85.17,31.5,12.29,260
2026-07-31,373.89,377.86,366.526,371.54,33153491,37.98,85.17,31.5,12.08,260
2026-08-07,370.1,400.66,368.6428,398.47,49729508,49.95,85.17,31.5,34.38,260
2026-08-14,397.714,407.36,395.93,401.48,44324269,51.09,85.17,31.5,36.5,260
2026-08-21,402.335,424.89,397.87,423.36,66175592,58.47,85.17,31.5,50.25,260
2026-08-28,428.55,429.42,407.62,408.89,73343414,52.79,85.17,31.5,39.68,260
2026-09-04,407.76,413.54,396.45,406.77,58676034,52.0,85.17,31.5,38.2,260
2026-09-11,403.56,406.56,395.451,398.77,38346567,49.0,85.17,31.5,32.6,260
2026-09-18,391.89,403.15,388.39,401.17,47183716,49.93,85.17,31.5,34.34,260
2026-09-21,400.165,400.24,396.34,398.38,6251105,48.81,85.17,31.5,32.26,260
