Semana,Open,High,Low,Close,Volume,RSI,RSI_max_5a,RSI_min_5a,Posicion,Semanas_ventana
2020-08-28,23.1,25.0,21.2,22.79,127066970,,,,,0
2020-09-04,22.69,22.79,18.01,19.03,64051969,,,,,0
2020-09-11,17.91,19.55,17.37,19.1,34337799,,,,,0
2020-09-18,19.14,21.14,18.38,18.9,20369032,,,,,0
2020-09-25,18.27,19.58,17.1101,17.93,21922477,,,,,0
2020-10-02,19.02,20.23,17.98,18.19,36318956,,,,,0
2020-10-09,19.58,20.91,19.2,20.0,33013794,,,,,0
2020-10-16,20.45,23.1,19.31,21.77,43845171,,,,,0
2020-10-23,21.82,21.93,19.82,20.05,29205697,,,,,0
2020-10-30,20.06,21.36,18.5,19.38,33508030,,,,,0
2020-11-06,21.47,39.5,20.25,34.81,273676344,,,,,0
2020-11-13,35.43,51.27,30.49,41.99,351229417,,,,,0
2020-11-20,40.53,56.77,39.0,53.89,208944488,,,,,0
2020-11-27,56.75,74.49,56.54,64.28,275202816,,,,,0
2020-12-04,62.76,63.35,46.01,49.34,207901959,68.68,68.68,68.68,,1
2020-12-11,46.07,51.98,42.84,44.31,171844344,63.81,68.68,63.81,0.0,2
2020-12-18,45.93,51.24,44.3,46.38,137798403,64.92,68.68,63.81,22.64,3
2020-12-24,45.11,47.88,41.64,41.87,67216539,60.59,68.68,60.59,0.0,4
2020-12-31,41.79,44.66,37.5,42.83,97413203,61.18,68.68,60.59,7.33,5
2021-01-08,45.6,47.95,40.6,45.45,127706346,62.83,68.68,60.59,27.66,6
2021-01-15,46.31,54.76,43.6,47.82,143882305,64.3,68.68,60.59,45.86,7
2021-01-22,49.97,58.37,49.85,56.39,111498495,69.07,69.07,60.59,100.0,8
2021-01-29,58.47,60.04,47.05,48.18,81197303,60.7,69.07,60.59,1.31,9
2021-02-05,51.11,51.34,45.8603,46.93,66495561,59.52,69.07,59.52,0.0,10
2021-02-12,46.5,51.19,45.6,46.89,76955484,59.48,69.07,59.48,0.0,11
2021-02-19,47.03,47.35,39.88,40.88,61265733,53.65,69.07,53.65,0.0,12
2021-02-26,39.74,40.47,32.72,34.11,118123127,47.95,69.07,47.95,0.0,13
2021-03-05,35.01,35.82,25.27,28.03,143829763,43.49,69.07,43.49,0.0,14
2021-03-12,29.44,35.27,26.9,35.15,169978293,49.43,69.07,43.49,23.22,15
2021-03-19,36.09,37.7,33.58,37.48,96319670,51.24,69.07,43.49,30.28,16
2021-03-26,38.06,38.39,29.57,32.14,100532589,47.08,69.07,43.49,14.05,17
2021-04-01,31.52,39.24,30.69,36.95,73699822,50.94,69.07,43.49,29.13,18
2021-04-09,37.46,37.54,33.95,34.49,46916394,48.97,69.07,43.49,21.44,19
2021-04-16,34.9,36.14,30.35,30.92,78274589,46.19,69.07,43.49,10.56,20
2021-04-23,31.3,33.44,29.77,33.3,52647754,48.3,69.07,43.49,18.81,21
2021-04-30,33.5,33.59,29.43,29.91,58452008,45.56,69.07,43.49,8.09,22
2021-05-07,30.09,30.24,25.77,26.69,63287756,43.06,69.07,43.06,0.0,23
2021-05-14,26.81,26.81,22.73,25.7,90753925,42.29,69.07,42.29,0.0,24
2021-05-21,25.82,29.38,25.33,28.58,62288068,45.35,69.07,42.29,11.41,25
2021-05-28,28.61,33.09,27.69,32.13,80709651,48.93,69.07,42.29,24.81,26
2021-06-04,33.7,37.725,33.04,37.11,68044263,53.54,69.07,42.29,42.02,27
2021-06-11,37.07,41.77,36.69,41.5,79048987,57.21,69.07,42.29,55.71,28
2021-06-18,41.94,45.75,38.64,45.23,98968189,60.09,69.07,42.29,66.47,29
2021-06-25,44.93,45.0,39.71,42.16,81430169,56.71,69.07,42.29,53.83,30
2021-07-02,42.4,47.98,41.51,43.74,105431178,58.02,69.07,42.29,58.72,31
2021-07-09,42.19,45.33,38.38,39.92,77424174,53.78,69.07,42.29,42.89,32
2021-07-16,39.95,40.89,36.92,39.03,51158263,52.81,69.07,42.29,39.28,33
2021-07-23,38.18,44.42,37.21,41.0,55210728,54.75,69.07,42.29,46.53,34
2021-07-30,39.61,43.02,33.86,40.53,102568527,54.18,69.07,42.29,44.39,35
2021-08-06,42.5035,45.13,40.37,41.22,57564711,54.92,69.07,42.29,47.18,36
2021-08-13,41.39,43.69,39.33,40.15,29576872,53.47,69.07,42.29,41.75,37
2021-08-20,38.61,40.37,35.8,38.69,41143372,51.47,69.07,42.29,34.28,38
2021-08-27,38.97,42.45,38.25,40.28,40279364,53.51,69.07,42.29,41.9,39
2021-09-03,40.45,42.5,39.02,39.75,43278406,52.72,69.07,42.29,38.93,40
2021-09-10,40.21,42.5,38.05,38.54,39702450,50.86,69.07,42.29,31.99,41
2021-09-17,38.89,39.4,36.73,39.01,41581851,51.57,69.07,42.29,34.65,42
2021-09-24,37.5,37.71,35.24,35.34,34614027,45.95,69.07,42.29,13.68,43
2021-10-01,35.18,36.76,34.31,35.46,36374903,46.16,69.07,42.29,14.45,44
2021-10-08,35.18,38.88,33.52,37.66,34825091,49.94,69.07,42.29,28.55,45
2021-10-15,38.0,43.0,37.2,42.79,41302432,57.43,69.07,42.29,56.55,46
2021-10-22,42.22,44.58,41.61,43.14,35981012,57.9,69.07,42.29,58.28,47
2021-10-29,44.75,49.4882,44.24,46.63,75674406,62.3,69.07,42.29,74.73,48
2021-11-05,48.7,49.55,45.67,46.39,55453871,61.82,69.07,42.29,72.94,49
2021-11-12,45.41,50.4,43.83,48.53,51082839,64.45,69.07,42.29,82.74,50
2021-11-19,48.53,50.1,45.88,46.89,45858656,60.99,69.07,42.29,69.82,51
2021-11-26,47.87,54.99,47.11,51.11,89252503,66.04,69.07,42.29,88.69,52
2021-12-03,53.01,56.45,42.78,43.8,112948938,53.19,69.07,42.29,40.69,53
2021-12-10,44.5,48.3652,41.15,46.83,55085345,56.93,69.07,42.29,54.67,54
2021-12-17,45.81,47.3,40.13,41.76,47221233,49.76,69.07,42.29,27.9,55
2021-12-23,40.3,46.32,38.42,46.09,36079340,54.98,69.07,42.29,47.37,56
2021-12-31,45.76,51.14,42.71,50.33,38497517,59.42,69.07,42.29,63.95,57
2022-01-07,51.12,51.5,44.18,45.05,48105749,52.48,69.07,42.29,38.03,58
2022-01-14,44.43,49.72,40.4321,49.69,55345975,57.21,69.07,42.29,55.7,59
2022-01-21,47.97,49.02,41.63,41.81,34844809,48.39,69.07,42.29,22.79,60
2022-01-28,39.95,40.055,30.38,32.15,66348551,40.22,69.07,40.22,0.0,61
2022-02-04,33.84,37.7388,32.62,37.25,51136863,45.46,69.07,40.22,18.16,62
2022-02-11,36.19,41.33,35.56,37.27,49446635,45.48,69.07,40.22,18.23,63
2022-02-18,36.46,40.86,36.2935,37.89,36077770,46.14,69.07,40.22,20.54,64
2022-02-25,36.23,36.918,30.93,35.03,42825135,43.5,69.07,40.22,11.4,65
2022-03-04,34.78,36.52,29.3556,29.53,58432803,38.9,69.07,38.9,0.0,66
2022-03-11,29.19,29.95,22.6201,22.91,89708986,34.21,69.07,34.21,0.0,67
2022-03-18,20.02,29.64,18.01,28.77,140937025,40.99,69.07,34.21,19.47,68
2022-03-25,27.8,30.2364,26.45,27.05,70041388,39.7,69.07,34.21,15.75,69
2022-04-01,27.38,30.95,26.08,29.19,76020074,42.15,69.07,34.21,22.77,70
2022-04-08,30.8,31.56,26.93,27.19,51397901,40.49,69.07,34.21,18.03,71
2022-04-14,25.47,27.95,24.75,26.93,35045054,40.27,69.07,34.21,17.39,72
2022-04-22,26.51,27.4,23.52,23.87,40214462,37.66,69.07,34.21,9.91,73
2022-04-29,23.19,26.23,22.39,24.61,48029456,38.7,69.07,34.21,12.88,74
2022-05-06,24.34,26.95,21.91,22.28,42806702,36.64,69.07,34.21,6.97,75
2022-05-13,21.43,23.12,18.35,22.82,58941665,37.47,69.07,34.21,9.35,76
2022-05-20,22.9,25.14,22.43,23.27,53962382,38.19,69.07,34.21,11.44,77
2022-05-27,22.45,22.8,19.9,22.5,52732155,37.39,69.07,34.21,9.14,78
2022-06-03,23.68,25.23,22.51,23.97,43197541,39.98,69.07,34.21,16.57,79
2022-06-10,25.37,27.755,24.2,25.81,56212041,43.15,69.07,34.21,25.66,80
2022-06-17,24.93,28.65,23.57,28.17,56270360,47.02,69.07,34.21,36.75,81
2022-06-24,29.5,35.35,29.2,35.29,57810548,56.61,69.07,34.21,64.25,82
2022-07-01,34.07,34.9,29.55,30.28,56670125,49.78,69.07,34.21,44.67,83
2022-07-08,30.03,33.56,29.61,32.13,33007502,52.08,69.07,34.21,51.26,84
2022-07-15,30.77,30.89,28.19,29.54,33159361,48.72,69.07,34.21,41.62,85
2022-07-22,28.95,29.34,24.36,24.92,57572510,43.34,69.07,34.21,26.21,86
2022-07-29,24.53,25.61,23.27,24.43,37165397,42.8,69.07,34.21,24.66,87
2022-08-05,24.96,25.2799,22.03,23.33,67388657,41.55,69.07,34.21,21.07,88
2022-08-12,23.39,25.91,22.04,24.41,55310931,43.3,69.07,34.21,26.1,89
2022-08-19,23.425,23.61,21.12,21.24,47073002,39.56,69.07,34.21,15.35,90
2022-08-26,21.36,21.6499,18.18,18.92,85002321,37.03,69.07,34.21,8.11,91
2022-09-02,18.65,19.2,16.61,16.74,66123122,34.79,69.07,34.21,1.67,92
2022-09-09,16.47,16.57,15.07,16.03,61977898,34.06,69.07,34.06,0.0,93
2022-09-16,16.55,16.64,14.5001,14.56,100257578,32.55,69.07,32.55,0.0,94
2022-09-23,14.3,16.44,12.86,13.71,127294366,31.68,69.07,31.68,0.0,95
2022-09-30,14.28,14.83,11.32,11.95,135161940,29.88,69.07,29.88,0.0,96
2022-10-07,11.87,12.38,9.86,9.89,129226479,27.89,69.07,27.89,0.0,97
2022-10-14,9.65,10.18,8.15,8.38,132339896,26.5,69.07,26.5,0.0,98
2022-10-21,8.72,9.24,7.51,8.13,123178155,26.27,69.07,26.27,0.0,99
2022-10-28,7.25,8.525,6.25,6.89,197415881,25.08,69.07,25.08,0.0,100
2022-11-04,6.56,8.24,6.18,7.88,199898404,27.88,69.07,25.08,6.35,101
2022-11-11,8.32,8.8685,6.63,8.49,200649420,29.62,69.07,25.08,10.3,102
2022-11-18,9.04,9.55,7.53,7.76,225331578,28.72,69.07,25.08,8.27,103
2022-11-25,7.54,7.54,6.82,7.07,81442585,27.87,69.07,25.08,6.33,104
2022-12-02,6.9,12.88,6.88,11.45,366894939,40.07,69.07,25.08,34.07,105
2022-12-09,12.96,13.1,10.35,10.94,216236462,39.24,69.07,25.08,32.17,106
2022-12-16,10.29,11.39,9.93,10.3,116679074,38.17,69.07,25.08,29.74,107
2022-12-23,10.4,11.33,9.23,10.06,118290563,37.75,69.07,25.08,28.79,108
2022-12-30,9.89,10.09,9.24,9.94,62451362,37.53,69.07,25.08,28.29,109
2023-01-06,10.63,12.09,9.73,10.11,121614369,38.08,69.07,25.08,29.55,110
2023-01-13,10.29,10.48,9.54,9.99,103267246,37.83,69.07,25.08,28.97,111
2023-01-20,9.53,9.88,8.855,9.4,78846718,36.54,69.07,25.08,26.04,112
2023-01-27,9.62,11.31,9.38,10.69,98384952,41.25,69.07,25.08,36.76,113
2023-02-03,10.32,11.55,9.87,10.5,97273276,40.77,69.07,25.08,35.67,114
2023-02-10,10.21,10.5,9.105,9.29,63139101,37.76,69.07,25.08,28.81,115
2023-02-17,9.66,9.85,9.06,9.53,53698028,38.72,69.07,25.08,31.01,116
2023-02-24,9.43,9.64,8.22,8.4,44387864,35.89,69.07,25.08,24.57,117
2023-03-03,8.835,9.71,8.44,9.62,62638136,40.92,69.07,25.08,35.99,118
2023-03-10,9.61,9.63,8.03,8.18,65223573,37.21,69.07,25.08,27.57,119
2023-03-17,8.06,9.49,7.66,8.84,81620075,39.9,69.07,25.08,33.67,120
2023-03-24,8.36,10.4,8.34,9.62,82080909,43.0,69.07,25.08,40.73,121
2023-03-31,9.66,11.68,9.5,11.11,74856453,48.48,69.07,25.08,53.18,122
2023-04-06,11.45,11.55,9.82,10.26,35020359,45.78,69.07,25.08,47.04,123
2023-04-14,10.04,10.771,9.75,9.92,37526714,44.7,69.07,25.08,44.6,124
2023-04-21,11.04,11.55,9.02,9.25,76076675,42.58,69.07,25.08,39.78,125
2023-04-28,9.25,9.75,8.63,9.5,49828979,43.66,69.07,25.08,42.22,126
2023-05-05,9.39,10.61,9.275,10.4,48835549,47.46,69.07,25.08,50.87,127
2023-05-12,10.62,10.81,9.6,9.82,60802372,45.34,69.07,25.08,46.04,128
2023-05-19,9.91,9.91,8.91,9.02,45551913,42.51,69.07,25.08,39.61,129
2023-05-26,9.26,9.65,7.8,8.2,77766366,39.77,69.07,25.08,33.39,130
2023-06-02,8.05,8.75,7.505,8.44,61533607,40.97,69.07,25.08,36.11,131
2023-06-09,8.54,9.355,8.25,8.87,67534058,43.15,69.07,25.08,41.08,132
2023-06-16,9.65,11.945,9.63,11.38,122340668,53.87,69.07,25.08,65.45,133
2023-06-23,10.78,11.33,9.64,9.9,42436619,48.11,69.07,25.08,52.35,134
2023-06-30,10.27,13.53,10.09,13.42,97667293,59.27,69.07,25.08,77.72,135
2023-07-07,14.38,15.24,13.56,14.16,98152943,61.16,69.07,25.08,82.01,136
2023-07-14,13.84,15.55,13.5825,14.02,89621058,60.59,69.07,25.08,80.71,137
2023-07-21,13.62,15.53,13.575,14.56,59790671,62.06,69.07,25.08,84.07,138
2023-07-28,14.93,23.62,14.78,23.39,297132119,77.14,77.14,25.08,100.0,139
2023-08-04,20.65,21.46,18.02,18.32,167363651,61.92,77.14,25.08,70.76,140
2023-08-11,19.03,19.09,15.89,16.28,77303826,57.05,77.14,25.08,61.4,141
2023-08-18,15.72,16.645,14.21,14.98,82610306,54.12,77.14,25.08,55.78,142
2023-08-25,15.87,17.58,15.455,17.53,82979046,58.61,77.14,25.08,64.39,143
2023-09-01,18.44,19.96,17.47,18.71,110079461,60.53,77.14,25.08,68.08,144
2023-09-08,18.68,19.8512,17.205,17.35,48369769,57.23,77.14,25.08,61.75,145
2023-09-15,18.22,19.04,17.95,18.3,40949290,58.91,77.14,25.08,64.98,146
2023-09-22,18.01,18.67,15.39,16.44,65938715,54.4,77.14,25.08,56.3,147
2023-09-29,16.53,18.46,16.09,18.36,55466386,57.98,77.14,25.08,63.19,148
2023-10-06,18.3,18.51,17.2425,18.16,42383169,57.47,77.14,25.08,62.21,149
2023-10-13,17.23,17.68,15.885,16.14,64554009,52.49,77.14,25.08,52.63,150
2023-10-20,15.73,15.84,13.37,13.42,62787036,46.62,77.14,25.08,41.37,151
2023-10-27,13.34,15.48,13.22,14.7,50770759,49.48,77.14,25.08,46.86,152
2023-11-03,15.16,17.45,14.23,17.14,54077704,54.49,77.14,25.08,56.48,153
2023-11-10,17.8,17.91,15.14,15.26,48727809,50.35,77.14,25.08,48.53,154
2023-11-17,15.5,17.73,15.46,16.79,57587596,53.45,77.14,25.08,54.48,155
2023-11-24,17.52,18.74,17.24,18.48,41247123,56.67,77.14,25.08,60.67,156
2023-12-01,18.19,18.25,15.57,15.74,42087235,50.56,77.14,25.08,48.94,157
2023-12-08,15.67,16.98,14.93,15.15,49846939,49.33,77.14,25.08,46.57,158
2023-12-15,15.52,16.285,14.3,14.47,62667723,47.88,77.14,25.08,43.79,159
2023-12-22,14.42,14.9,13.64,13.81,51702850,46.46,77.14,25.08,41.05,160
2023-12-29,14.08,14.955,13.56,14.59,53984025,48.41,77.14,25.08,44.81,161
2024-01-05,14.3,14.43,13.03,13.09,38959225,45.01,77.14,25.08,38.27,162
2024-01-12,12.42,12.81,11.72,11.77,48271517,42.2,77.14,25.08,32.87,163
2024-01-19,10.99,11.01,9.24,9.64,72189677,38.06,77.14,25.08,24.93,164
2024-01-26,8.95,10.475,8.8501,8.97,90942146,36.84,77.14,25.08,22.59,165
2024-02-02,8.88,8.95,8.02,8.19,61393566,35.42,77.14,25.08,19.85,166
2024-02-09,8.01,8.825,7.8,8.49,54783271,36.44,77.14,25.08,21.8,167
2024-02-16,8.5,9.75,8.42,9.52,44970222,39.94,77.14,25.08,28.53,168
2024-02-23,9.01,9.4,8.57,8.63,38830771,37.99,77.14,25.08,24.79,169
2024-03-01,8.93,10.14,8.65,9.95,78922180,42.47,77.14,25.08,33.4,170
2024-03-08,9.42,9.87,8.91,9.52,54032226,41.42,77.14,25.08,31.38,171
2024-03-15,9.875,10.6422,9.29,9.64,51497200,41.85,77.14,25.08,32.21,172
2024-03-22,10.33,10.5224,8.445,8.52,111841170,38.96,77.14,25.08,26.66,173
2024-03-28,8.59,8.8,7.61,7.68,86520697,36.91,77.14,25.08,22.71,174
2024-04-05,7.8,7.99,7.27,7.39,74103284,36.2,77.14,25.08,21.34,175
2024-04-12,7.25,8.295,7.18,7.46,70962013,36.51,77.14,25.08,21.95,176
2024-04-19,7.51,7.59,6.86,6.93,68742295,35.09,77.14,25.08,19.22,177
2024-04-26,6.71,7.98,6.5505,7.84,63069446,39.46,77.14,25.08,27.61,178
2024-05-03,7.92,9.53,7.835,9.06,82669785,44.82,77.14,25.08,37.91,179
2024-05-10,8.96,9.1473,7.67,7.73,75566498,40.6,77.14,25.08,29.8,180
2024-05-17,7.92,8.53,7.87,8.3,59578875,43.07,77.14,25.08,34.56,181
2024-05-24,8.51,10.47,7.9,8.2,125571156,42.74,77.14,25.08,33.91,182
2024-05-31,8.185,8.73,8.135,8.31,47467199,43.26,77.14,25.08,34.92,183
2024-06-07,8.54,8.58,8.01,8.15,43141213,42.65,77.14,25.08,33.74,184
2024-06-14,8.15,8.1893,7.16,7.19,54446117,39.08,77.14,25.08,26.87,185
2024-06-21,7.26,7.83,7.13,7.73,30781894,42.02,77.14,25.08,32.53,186
2024-06-28,7.81,8.32,7.175,7.33,44556228,40.46,77.14,25.08,29.53,187
2024-07-05,7.46,8.59,7.43,7.92,63613620,43.77,77.14,25.08,35.9,188
2024-07-12,7.64,9.24,7.38,8.84,82334583,48.58,77.14,25.08,45.13,189
2024-07-19,8.37,8.99,8.18,8.45,49520642,46.76,77.14,25.08,41.63,190
2024-07-26,8.79,9.04,8.0,8.51,49515614,47.09,77.14,25.08,42.26,191
2024-08-02,8.4,8.44,7.37,7.56,39694758,42.59,77.14,25.08,33.63,192
2024-08-09,7.02,7.47,6.81,6.86,40488949,39.6,77.14,25.08,27.87,193
2024-08-16,6.83,7.01,6.6,6.94,39432903,40.11,77.14,25.08,28.87,194
2024-08-23,7.17,7.25,6.65,7.01,57933451,40.6,77.14,25.08,29.79,195
2024-08-30,7.385,8.21,7.16,8.05,90334501,47.36,77.14,25.08,42.78,196
2024-09-06,8.07,8.96,8.06,8.54,50562438,50.23,77.14,25.08,48.3,197
2024-09-13,8.24,9.2,8.1,8.97,52976336,52.67,77.14,25.08,52.99,198
2024-09-20,8.99,9.84,8.62,9.6,53931636,56.07,77.14,25.08,59.53,199
2024-09-27,9.43,12.755,9.26,12.72,95588410,68.24,77.14,25.08,82.9,200
2024-10-04,13.66,13.73,11.92,12.81,122646963,68.51,77.14,25.08,83.42,201
2024-10-11,13.34,13.68,11.72,12.9,83111476,68.8,77.14,25.08,83.97,202
2024-10-18,12.16,12.22,10.065,10.49,84199531,54.49,77.14,25.08,56.49,203
2024-10-25,10.5,11.4488,10.42,11.13,60216473,57.05,77.14,25.08,61.4,204
2024-11-01,11.58,12.6,10.92,11.52,64902345,58.57,77.14,25.08,64.33,205
2024-11-08,12.175,14.6897,11.735,14.49,93770498,67.92,77.14,25.08,82.28,206
2024-11-15,15.18,15.6788,12.34,12.74,84201322,59.41,77.14,25.08,65.94,207
2024-11-22,13.03,13.385,11.55,11.91,81978518,55.84,77.14,25.08,59.08,208
2024-11-29,11.63,12.315,11.23,12.05,38120018,56.32,77.14,25.08,60.0,209
2024-12-06,12.61,13.25,12.26,12.5,61633389,57.89,77.14,25.08,63.02,210
2024-12-13,13.68,14.66,12.265,12.3,58200139,56.91,77.14,25.08,61.14,211
2024-12-20,12.16,13.02,11.98,12.64,35759837,58.21,77.14,25.08,63.63,212
2024-12-27,12.66,13.62,12.495,12.63,21437108,58.15,77.14,25.08,63.52,213
2025-01-03,11.95,12.455,11.14,11.71,39059762,53.14,77.14,25.08,53.88,214
2025-01-10,12.13,12.93,11.62,12.22,49692369,55.43,77.14,25.08,58.29,215
2025-01-17,11.94,14.209,11.61,14.13,49694518,62.78,77.14,25.08,72.42,216
2025-01-24,14.92,15.11,14.01,14.68,40775116,64.6,77.14,25.08,75.9,217
2025-01-31,14.98,15.89,14.73,15.22,40680451,66.33,77.14,25.08,79.23,218
2025-02-07,14.88,17.7,14.76,16.93,60169525,71.14,77.14,25.08,88.48,219
2025-02-14,17.25,17.28,15.42,16.66,55665395,69.46,77.14,25.08,85.23,220
2025-02-21,17.28,19.36,17.13,18.4,50566032,73.78,77.14,25.08,93.53,221
2025-02-28,18.35,22.8,17.785,21.49,83238053,79.36,79.36,25.08,100.0,222
2025-03-07,20.54,23.89,19.28,23.6,64695001,82.16,82.16,25.08,100.0,223
2025-03-14,22.654,27.16,22.6,23.73,104772492,82.31,82.31,25.08,100.0,224
2025-03-21,24.27,24.7699,21.0,21.8,76890375,72.06,82.31,25.08,82.08,225
2025-03-28,21.8,21.81,19.43,19.7,50735100,62.88,82.31,25.08,66.03,226
2025-04-04,20.22,21.68,18.88,19.43,52861272,61.79,82.31,25.08,64.13,227
2025-04-11,17.11,20.21,16.13,20.0,98410089,63.23,82.31,25.08,66.66,228
2025-04-17,20.7,21.25,18.2,18.22,38050667,56.08,82.31,25.08,54.16,229
2025-04-25,18.19,21.05,17.65,20.08,35155479,61.04,82.31,25.08,62.83,230
2025-05-02,19.81,20.298,18.25,19.76,34839383,59.79,82.31,25.08,60.64,231
2025-05-09,19.6,20.0385,19.08,19.63,24787025,59.26,82.31,25.08,59.72,232
2025-05-16,21.15,21.35,20.14,20.67,35152788,62.16,82.31,25.08,64.78,233
2025-05-23,19.88,22.85,19.52,20.0,65143142,59.23,82.31,25.08,59.67,234
2025-05-30,19.3,20.38,19.07,19.31,27260453,56.3,82.31,25.08,54.54,235
2025-06-06,19.26,20.54,19.06,19.5,25772064,56.93,82.31,25.08,55.65,236
2025-06-13,19.85,21.05,18.15,18.18,36203404,51.37,82.31,25.08,45.92,237
2025-06-20,18.745,19.09,18.17,18.31,20534171,51.87,82.31,25.08,46.79,238
2025-06-27,18.75,19.95,17.88,18.13,41479541,51.08,82.31,25.08,45.43,239
2025-07-03,17.91,19.11,17.71,18.85,25237633,54.07,82.31,25.08,50.64,240
2025-07-11,18.055,18.18,17.26,17.4,28729003,47.75,82.31,25.08,39.61,241
2025-07-18,17.495,18.67,17.425,18.31,29569276,51.57,82.31,25.08,46.29,242
2025-07-25,18.355,19.42,18.154,18.97,29768758,54.19,82.31,25.08,50.86,243
2025-08-01,19.06,19.18,17.81,18.05,24035877,50.12,82.31,25.08,43.75,244
2025-08-08,18.58,20.32,18.57,20.2,33885360,58.05,82.31,25.08,57.6,245
2025-08-15,21.03,21.62,19.1,19.7,42429322,55.83,82.31,25.08,53.72,246
2025-08-22,20.29,24.1,19.62,23.75,85768830,66.88,82.31,25.08,73.03,247
2025-08-29,23.53,24.96,20.875,21.02,56923675,56.6,82.31,25.08,55.07,248
2025-09-05,20.7,20.96,19.66,19.83,28813868,52.79,82.31,25.08,48.41,249
2025-09-12,20.43,21.05,20.01,20.87,35799754,55.6,82.31,25.08,53.32,250
2025-09-19,21.5,21.8999,20.92,21.66,31477276,57.67,82.31,25.08,56.93,251
2025-09-26,21.54,23.275,21.19,22.79,39411955,60.49,82.31,25.08,61.87,252
2025-10-03,23.06,24.53,22.44,23.07,41121480,61.19,82.31,25.08,63.08,253
2025-10-10,23.07,24.27,20.845,21.02,49174940,53.76,82.31,25.08,50.11,254
2025-10-17,21.635,22.13,20.74,21.2,26118709,54.29,82.31,25.08,51.02,255
2025-10-24,21.22,22.08,20.95,21.62,19150207,55.55,82.31,25.08,53.24,256
2025-10-31,22.0,23.745,21.95,23.49,41682655,60.77,82.31,25.08,62.35,257
2025-11-07,23.75,24.9,21.355,22.42,93412870,56.67,82.31,25.08,55.19,258
2025-11-14,23.72,28.235,23.55,25.01,158478870,63.15,82.31,25.08,66.51,259
2025-11-21,24.04,24.17,19.8404,20.36,92083055,48.99,82.31,25.08,41.77,260
2025-11-28,21.03,21.99,20.58,21.83,35893629,52.61,82.31,25.08,48.09,260
2025-12-05,21.275,21.555,18.545,20.0,56587863,48.04,82.31,25.08,40.11,260
2025-12-12,19.98,20.58,18.945,18.99,35109918,45.68,82.31,25.08,35.99,260
2025-12-19,19.0,20.1,17.92,19.86,43212714,48.05,82.31,25.08,40.12,260
2025-12-26,20.0,21.19,19.2437,20.78,25375818,50.5,82.31,25.08,44.41,260
2026-01-02,20.1,21.965,19.722,20.43,39271411,49.54,82.31,25.08,42.74,260
2026-01-09,19.72,20.67,19.43,20.02,29720462,48.38,82.31,25.08,40.71,260
2026-01-16,20.985,21.985,20.21,20.65,42790909,50.31,82.31,25.08,44.07,260
2026-01-23,20.13,20.46,19.01,19.25,25453996,46.19,82.31,25.08,36.88,260
2026-01-30,18.83,19.28,17.855,17.98,29306278,42.77,82.31,25.08,30.9,260
2026-02-06,17.22,17.8,16.16,17.72,46532536,42.08,82.31,25.08,29.7,260
2026-02-13,17.51,18.17,17.36,17.94,23809630,42.92,82.31,25.08,31.16,260
2026-02-20,17.75,18.15,17.2185,17.62,9144593,41.97,82.31,25.08,29.5,260
2026-02-27,17.67,18.8,17.215,17.56,25038999,41.78,82.31,25.08,29.17,260
2026-03-06,16.96,17.43,15.3801,17.32,36604648,41.0,82.31,25.08,27.8,260
2026-03-13,17.92,20.48,17.91,19.97,53389549,51.77,82.31,25.08,46.62,260
2026-03-20,19.73,20.295,17.39,17.55,39581648,43.89,82.31,25.08,32.86,260
2026-03-27,18.31,19.05,16.82,16.93,35722150,42.12,82.31,25.08,29.77,260
2026-04-02,17.05,17.725,16.25,17.7,19780242,45.08,82.31,25.08,34.94,260
2026-04-10,17.71,18.08,16.87,17.42,19884932,44.19,82.31,25.08,33.39,260
2026-04-17,17.28,18.49,17.2,18.1,27279231,46.92,82.31,25.08,38.15,260
2026-04-24,17.8,17.81,15.695,16.66,42054333,42.22,82.31,25.08,29.94,260
2026-05-01,16.5,16.995,15.6,15.83,33033637,39.74,82.31,25.08,25.62,260
2026-05-08,15.93,16.18,15.44,15.62,22608263,39.12,82.31,25.08,24.53,260
2026-05-15,15.94,16.875,15.46,15.62,40187479,39.12,82.31,25.08,24.53,260
2026-05-22,15.6,15.71,14.72,15.59,31904865,39.02,82.31,25.08,24.35,260
2026-05-29,16.51,17.13,16.02,16.45,39026532,43.54,82.31,25.08,32.25,260
2026-06-05,17.13,18.19,15.87,15.95,35702827,41.61,82.31,25.08,28.88,260
2026-06-12,15.96,16.305,13.98,14.49,35015940,36.51,82.31,25.08,19.97,260
2026-06-18,14.38,14.715,12.97,13.21,32815656,32.73,82.31,25.08,13.36,260
2026-06-26,13.17,13.58,11.77,12.09,37196293,29.82,82.31,25.08,8.27,260
2026-07-02,12.22,13.975,12.18,13.08,39409352,35.3,82.31,25.08,17.84,260
2026-07-10,13.41,13.71,12.86,13.03,30521845,35.15,82.31,25.08,17.58,260
2026-07-17,13.0,14.46,12.7813,13.53,34658105,37.97,82.31,25.08,22.52,260
2026-07-24,13.48,13.62,12.32,12.33,32535729,34.13,82.31,25.08,15.8,260
2026-07-31,12.67,13.335,12.52,13.0,27011324,37.91,82.31,25.08,22.41,260
2026-08-07,12.54,12.6,11.54,12.13,40513775,35.09,82.31,25.08,17.49,260
2026-08-14,12.02,12.08,11.49,11.7,26701738,33.76,82.31,25.08,15.16,260
2026-08-21,11.875,12.3316,11.71,12.19,36441649,36.71,82.31,25.08,20.32,260
2026-08-28,11.83,12.08,11.06,11.53,61231315,34.48,82.31,25.08,16.42,260
2026-09-04,11.5,11.55,10.72,10.95,27567691,32.61,82.31,25.08,13.14,260
2026-09-11,10.929,11.02,10.31,10.54,34323101,31.31,82.31,25.08,10.88,260
