Date,Open,High,Low,Close,Volume,AdjOpen,AdjHigh,AdjLow,AdjClose,AdjVolume,Dividend,SplitFactor
2025-06-04,31,31,31,31,0,31,31,31,31,0,0,1
2025-06-05,69,103.75,64,83.23,47784339,69,103.75,64,83.23,47784339,0,1
2025-06-06,96.39,123.515,92.95,107.7,60706262,96.39,123.515,92.95,107.7,60706262,0,1
2025-06-09,132.72,138.57,108.4,115.25,45521142,132.72,138.57,108.4,115.25,45521142,0,1
2025-06-10,115,115,101.51,105.91,25517793,115,115,101.51,105.91,25517793,0,1
2025-06-11,107,120.49,106.5,117.2,26481377,107,120.49,106.5,117.2,26481377,0,1
2025-06-12,116.79,117.9309,104.26,106.54,13416512,116.79,117.9309,104.26,106.54,13416512,0,1
2025-06-13,108.81,134.72,108.8,133.56,34013580,108.81,134.72,108.8,133.56,34013580,0,1
2025-06-16,147.54,165.6,145.88,151.06,43781546,147.54,165.6,145.88,151.06,43781546,0,1
2025-06-17,156.36,164.42,143.53,149.15,31234204,156.36,164.42,143.53,149.15,31234204,0,1
2025-06-18,153.22,200.9,148,199.59,63566766,153.22,200.9,148,199.59,63566766,0,1
2025-06-20,231.5,248.88,206.17,240.28,92427231,231.5,248.88,206.17,240.28,92427231,0,1
2025-06-23,238.46,298.99,232.48,263.45,99128739,238.46,298.99,232.48,263.45,99128739,0,1
2025-06-24,250.42,265,217.579,222.65,68222564,250.42,265,217.579,222.65,68222564,0,1
2025-06-25,218.545,227.54,198,198.62,49283191,218.545,227.54,198,198.62,49283191,0,1
2025-06-26,209.04,226.95,205.68,213.63,45550341,209.04,226.95,205.68,213.63,45550341,0,1
2025-06-27,223.6469,223.6469,175.6,180.43,48112124,223.6469,223.6469,175.6,180.43,48112124,0,1
2025-06-30,181.77,192.5,178,181.29,34461533,181.77,192.5,178,181.29,34461533,0,1
2025-07-01,184.67,194,171.5,192.53,31252118,184.67,194,171.5,192.53,31252118,0,1
2025-07-02,187.21,189,176,177.97,18546015,187.21,189,176,177.97,18546015,0,1
2025-07-03,182.17,192.5,181.3901,188.77,17191952,182.17,192.5,181.3901,188.77,17191952,0,1
2025-07-07,193.75,208.6,186.6,207.46,31640759,193.75,208.6,186.6,207.46,31640759,0,1
2025-07-08,199.5,209.5,196,204.81,22225548,199.5,209.5,196,204.81,22225548,0,1
2025-07-09,209.36,215.6,197.25,200.68,17934427,209.36,215.6,197.25,200.68,17934427,0,1
2025-07-10,208.84,209.57,199,202.9,12340104,208.84,209.57,199,202.9,12340104,0,1
2025-07-11,204.18,206.8,182.5,187.33,18227353,204.18,206.8,182.5,187.33,18227353,0,1
2025-07-14,189.27,204.91,185.54,204.7,15445172,189.27,204.91,185.54,204.7,15445172,0,1
2025-07-15,198,203.4598,188.1,195.33,14758547,198,203.4598,188.1,195.33,14758547,0,1
2025-07-16,203.05,239.6984,201.32,233.2,44001740,203.05,239.6984,201.32,233.2,44001740,0,1
2025-07-17,225.585,244.36,220.01,235.08,29222485,225.585,244.36,220.01,235.08,29222485,0,1
2025-07-18,244.9,262.97,222.49,223.78,42877368,244.9,262.97,222.49,223.78,42877368,0,1
2025-07-21,226.4,231.88,213.33,216.1,19033133,226.4,231.88,213.33,216.1,19033133,0,1
2025-07-22,207.55,211.99,192.9,198.31,18485876,207.55,211.99,192.9,198.31,18485876,0,1
2025-07-23,198.38,202.5,195.0801,202.41,10319795,198.38,202.5,195.0801,202.41,10319795,0,1
2025-07-24,199.75,201.25,189.23,193.08,9085863,199.75,201.25,189.23,193.08,9085863,0,1
2025-07-25,192.54,195.7,187.5,192.86,6988469,192.54,195.7,187.5,192.86,6988469,0,1
2025-07-28,196.975,197.9,183.91,185.36,9524221,196.975,197.9,183.91,185.36,9524221,0,1
2025-07-29,187.875,190.75,180.6815,181.64,9534789,187.875,190.75,180.6815,181.64,9534789,0,1
2025-07-30,182.62,193.3344,182.1,190.5,9317694,182.62,193.3344,182.1,190.5,9317694,0,1
2025-07-31,188.755,189.87,183,183.52,5770643,188.755,189.87,183,183.52,5770643,0,1
2025-08-01,176.93,181.55,167.3,168.1,12924882,176.93,181.55,167.3,168.1,12924882,0,1
2025-08-04,172.1,172.1,154.5,164.82,11701260,172.1,172.1,154.5,164.82,11701260,0,1
2025-08-05,160,164.32,153.91,153.93,7802420,160,164.32,153.91,153.93,7802420,0,1
2025-08-06,150.09,162.44,149,161.71,8357923,150.09,162.44,149,161.71,8357923,0,1
2025-08-07,167.68,169.92,151.1,152.93,10166256,167.68,169.92,151.1,152.93,10166256,0,1
2025-08-08,155.015,163.2199,154.117,159.03,8920993,155.015,163.2199,154.117,159.03,8920993,0,1
2025-08-11,161.005,169.8,155.5268,161.17,11888948,161.005,169.8,155.5268,161.17,11888948,0,1
2025-08-12,186.3,189.92,161.5101,163.21,33491022,186.3,189.92,161.5101,163.21,33491022,0,1
2025-08-13,156.64,164.64,152.15,153.16,17877933,156.64,164.64,152.15,153.16,17877933,0,1
2025-08-14,152,156.8,136.4,139.23,17905916,152,156.8,136.4,139.23,17905916,0,1
2025-08-15,141.155,151.47,139.25,149.26,23286226,141.155,151.47,139.25,149.26,23286226,0,1
2025-08-18,148.695,149.45,141.35,141.58,8683092,148.695,149.45,141.35,141.58,8683092,0,1
2025-08-19,143.98,144.6499,133.11,135.23,9688108,143.98,144.6499,133.11,135.23,9688108,0,1
2025-08-20,136.94,139.5,129.1,137.81,9944132,136.94,139.5,129.1,137.81,9944132,0,1
2025-08-21,135,136.99,131.59,131.8,4986592,135,136.99,131.59,131.8,4986592,0,1
2025-08-22,132.99,144.7,131.05,135.04,13309102,132.99,144.7,131.05,135.04,13309102,0,1
2025-08-25,134.36,135.32,124.7,125.24,10419843,134.36,135.32,124.7,125.24,10419843,0,1
2025-08-26,125.6,130.25,124.16,129.05,6923318,125.6,130.25,124.16,129.05,6923318,0,1
2025-08-27,129.05,130.2628,126.01,127.4,5567692,129.05,130.2628,126.01,127.4,5567692,0,1
2025-08-28,129,132.78,127.6633,130.94,5588733,129,132.78,127.6633,130.94,5588733,0,1
2025-08-29,131.07,135.97,129,131.98,8140607,131.07,135.97,129,131.98,8140607,0,1
2025-09-02,128.56,131.69,119.6,120.14,10272446,128.56,131.69,119.6,120.14,10272446,0,1
2025-09-03,122.09,122.2709,116.6,118.46,9310832,122.09,122.2709,116.6,118.46,9310832,0,1
2025-09-04,117.64,120.32,115.08,117.49,6393633,117.64,120.32,115.08,117.49,6393633,0,1
2025-09-05,117.78,118.8,108.02,114.56,11544511,117.78,118.8,108.02,114.56,11544511,0,1
2025-09-08,114,117.78,110.05,112.46,8410356,114,117.78,110.05,112.46,8410356,0,1
2025-09-09,113.63,120.75,112.62,117.99,9098732,113.63,120.75,112.62,117.99,9098732,0,1
2025-09-10,119.965,124.98,113.17,113.69,9925542,119.965,124.98,113.17,113.69,9925542,0,1
2025-09-11,114.22,136.49,113.3,133.7,23638338,114.22,136.49,113.3,133.7,23638338,0,1
2025-09-12,134.85,134.9,124.5,125.32,15291468,134.85,134.9,124.5,125.32,15291468,0,1
2025-09-15,129.9,135.78,125.0801,134.05,12573831,129.9,135.78,125.0801,134.05,12573831,0,1
2025-09-16,139.6,142.5499,133.92,134.81,12723033,139.6,142.5499,133.92,134.81,12723033,0,1
2025-09-17,135,146.5,128.2601,131.04,19405347,135,146.5,128.2601,131.04,19405347,0,1
2025-09-18,134.74,143.58,134.07,140.42,15938994,134.74,143.58,134.07,140.42,15938994,0,1
2025-09-19,145.05,147.7,139.53,144.14,16115641,145.05,147.7,139.53,144.14,16115641,0,1
2025-09-22,139.88,140.71,134.56,137.64,9117355,139.88,140.71,134.56,137.64,9117355,0,1
2025-09-23,138.67,141.6,130.7,130.97,8952068,138.67,141.6,130.7,130.97,8952068,0,1
2025-09-24,133.73,136.34,130.04,131.58,9155776,133.73,136.34,130.04,131.58,9155776,0,1
2025-09-25,128.99,130.2599,124.3,124.66,7729925,128.99,130.2599,124.3,124.66,7729925,0,1
2025-09-26,125.42,128.49,122.83,126.99,5467764,125.42,128.49,122.83,126.99,5467764,0,1
2025-09-29,129.5,137.8,128.5001,133.66,10474568,129.5,137.8,128.5001,133.66,10474568,0,1
2025-09-30,136.2,137.9899,132.37,132.58,7965475,136.2,137.9899,132.37,132.58,7965475,0,1
2025-10-01,133.62,137.2666,127.6,129.03,9067306,133.62,137.2666,127.6,129.03,9067306,0,1
2025-10-02,133.45,152.05,132.75,149.72,19216175,133.45,152.05,132.75,149.72,19216175,0,1
2025-10-03,148.4,156.47,144.14,145.78,19333255,148.4,156.47,144.14,145.78,19333255,0,1
2025-10-06,154.01,154.1718,145.56,148.51,10810044,154.01,154.1718,145.56,148.51,10810044,0,1
2025-10-07,152,157.56,144.1842,148.72,12330816,152,157.56,144.1842,148.72,12330816,0,1
2025-10-08,150.3,152.16,143.55,150.46,11706255,150.3,152.16,143.55,150.46,11706255,0,1
2025-10-09,150.8,153.88,145.8,150.48,10237537,150.8,153.88,145.8,150.48,10237537,0,1
2025-10-10,150.89,159.47,132.605,132.94,22403097,150.89,159.47,132.605,132.94,22403097,0,1
2025-10-13,138.06,141.38,135.11,137.47,10350997,138.06,141.38,135.11,137.47,10350997,0,1
2025-10-14,133.25,138.62,129.33,134.46,7650365,133.25,138.62,129.33,134.46,7650365,0,1
2025-10-15,137.32,141.1,132.58,134.48,9018719,137.32,141.1,132.58,134.48,9018719,0,1
2025-10-16,135.92,136.8699,127.88,128.46,7387791,135.92,136.8699,127.88,128.46,7387791,0,1
2025-10-17,125.25,127.7575,123.09,126.49,7837369,125.25,127.7575,123.09,126.49,7837369,0,1
2025-10-20,129.79,135.7285,128.25,130.81,9339359,129.79,135.7285,128.25,130.81,9339359,0,1
2025-10-21,130.45,133,125.65,129.85,9602998,130.45,133,125.65,129.85,9602998,0,1
2025-10-22,128.57,131,122.5,124.79,8810156,128.57,131,122.5,124.79,8810156,0,1
2025-10-23,124.98,130.01,124.3101,129.86,6896145,124.98,130.01,124.3101,129.86,6896145,0,1
2025-10-24,132.96,144.03,131.02,142.05,15678694,132.96,144.03,131.02,142.05,15678694,0,1
2025-10-27,146.93,147.44,138.1,143.29,9715561,146.93,147.44,138.1,143.29,9715561,0,1
2025-10-28,143.25,143.38,135.85,136.11,7857507,143.25,143.38,135.85,136.11,7857507,0,1
2025-10-29,136,136.05,129.68,131.74,7593572,136,136.05,129.68,131.74,7593572,0,1
2025-10-30,129.97,130,122.49,122.71,10751272,129.97,130,122.49,122.71,10751272,0,1
2025-10-31,126.31,129.4,124.88,126.98,6616949,126.31,129.4,124.88,126.98,6616949,0,1
2025-11-03,125.75,125.75,117.8257,117.86,9050524,125.75,125.75,117.8257,117.86,9050524,0,1
2025-11-04,113.79,117.2,108.9,111.25,10279116,113.79,117.2,108.9,111.25,10279116,0,1
2025-11-05,113.1,114.85,111.94,113.03,5511070,113.1,114.85,111.94,113.03,5511070,0,1
2025-11-06,113.05,113.36,100,100.01,11702616,113.05,113.36,100,100.01,11702616,0,1
2025-11-07,99,103.33,96.1,103.14,9524280,99,103.33,96.1,103.14,9524280,0,1
2025-11-10,107.8,110.535,102.58,104.1,8567978,107.8,110.535,102.58,104.1,8567978,0,1
2025-11-11,102.05,102.49,97.95,98.3,8745289,102.05,102.49,97.95,98.3,8745289,0,1
2025-11-12,93.85,95.52,85.86,86.3,39011267,93.85,95.52,85.86,86.3,39011267,0,1
2025-11-13,86.02,88.42,81.38,82.34,52219444,86.02,88.42,81.38,82.34,52219444,0,1
2025-11-14,83.5,85.05,81.5,81.89,37549568,83.5,85.05,81.5,81.89,37549568,0,1
2025-11-17,81.79,81.9,75.1,76.59,23753303,81.79,81.9,75.1,76.59,23753303,0,1
2025-11-18,75.62,78.15,75.0429,76.6,16437561,75.62,78.15,75.0429,76.6,16437561,0,1
2025-11-19,76.49,76.6,67.55,69.72,28886491,76.49,76.6,67.55,69.72,28886491,0,1
2025-11-20,71.29,71.405,64.92,66.93,20369396,71.29,71.405,64.92,66.93,20369396,0,1
2025-11-21,66.925,72.33,66.14,71.33,19456249,66.925,72.33,66.14,71.33,19456249,0,1
2025-11-24,72,73.43,69.61,72.74,15679722,72,73.43,69.61,72.74,15679722,0,1
2025-11-25,69.14,70.11,68.0519,70.11,12630929,69.14,70.11,68.0519,70.11,12630929,0,1
2025-11-26,71.15,73.29,68.86,72.64,15840755,71.15,73.29,68.86,72.64,15840755,0,1
2025-11-28,75.31,81.48,74.02,79.93,22254895,75.31,81.48,74.02,79.93,22254895,0,1
2025-12-01,77.49,79.8399,75.23,75.94,18852718,77.49,79.8399,75.23,75.94,18852718,0,1
2025-12-02,78.4,80.7299,77.18,77.44,16633749,78.4,80.7299,77.18,77.44,16633749,0,1
2025-12-03,78.39,86.59,75.97,86.29,21053740,78.39,86.59,75.97,86.29,21053740,0,1
2025-12-04,83.98,88.27,83.2,87.46,14235386,83.98,88.27,83.2,87.46,14235386,0,1
2025-12-05,86.09,86.66,83.14,85.62,10474074,86.09,86.66,83.14,85.62,10474074,0,1
2025-12-08,86.945,87.41,81.34,83.96,9830317,86.945,87.41,81.34,83.96,9830317,0,1
2025-12-09,83.23,89.98,81.7601,88.88,14403557,83.23,89.98,81.7601,88.88,14403557,0,1
2025-12-10,87.34,89.55,85.0501,88.41,9329303,87.34,89.55,85.0501,88.41,9329303,0,1
2025-12-11,85.85,89.26,83.3301,88.57,11154542,85.85,89.26,83.3301,88.57,11154542,0,1
2025-12-12,89.53,91.3,82.03,83.47,13857950,89.53,91.3,82.03,83.47,13857950,0,1
2025-12-15,83.85,84.18,74.7335,75.46,15025001,83.85,84.18,74.7335,75.46,15025001,0,1
2025-12-16,77.86,83.5,77.3302,83,15029149,77.86,83.5,77.3302,83,15029149,0,1
2025-12-17,82.88,85.74,79.08,79.2,10977804,82.88,85.74,79.08,79.2,10977804,0,1
2025-12-18,82.74,84.47,80.08,80.99,10406194,82.74,84.47,80.08,80.99,10406194,0,1
2025-12-19,82.435,86.3,82.43,86.13,13856854,82.435,86.3,82.43,86.13,13856854,0,1
2025-12-22,87.74,91.2,86.43,87,10721205,87.74,91.2,86.43,87,10721205,0,1
2025-12-23,84.8,85.57,81.02,82.73,9394652,84.8,85.57,81.02,82.73,9394652,0,1
2025-12-24,82.72,83.045,79.86,82.64,6401505,82.72,83.045,79.86,82.64,6401505,0,1
2025-12-26,82.39,82.5,79.7101,81.27,6140584,82.39,82.5,79.7101,81.27,6140584,0,1
2025-12-29,79.245,83.0357,79.1228,80.51,7400508,79.245,83.0357,79.1228,80.51,7400508,0,1
2025-12-30,80.18,82.89,79.65,79.89,7561660,80.18,82.89,79.65,79.89,7561660,0,1
2025-12-31,79.96,80.39,78.77,79.3,5754044,79.96,80.39,78.77,79.3,5754044,0,1
2026-01-02,80.84,84.58,79.62,83.47,8382494,80.84,84.58,79.62,83.47,8382494,0,1
2026-01-05,84.575,88.06,84.1,84.8,9112361,84.575,88.06,84.1,84.8,9112361,0,1
2026-01-06,86,86.2,81.9481,84.85,7456675,86,86.2,81.9481,84.85,7456675,0,1
2026-01-07,83.19,83.6,80.53,80.59,6610396,83.19,83.6,80.53,80.59,6610396,0,1
2026-01-08,79.9,82.72,78.85,81.79,5375044,79.9,82.72,78.85,81.79,5375044,0,1
2026-01-09,82.2,84.33,79.45,82.9,7686358,82.2,84.33,79.45,82.9,7686358,0,1
2026-01-12,81.14,83.12,79.85,82.9,6863161,81.14,83.12,79.85,82.9,6863161,0,1
2026-01-13,83.235,84.28,80.29,83.46,8436142,83.235,84.28,80.29,83.46,8436142,0,1
2026-01-14,84.99,88.46,81.75,84.8,14373551,84.99,88.46,81.75,84.8,14373551,0,1
2026-01-15,83.47,83.79,76.11,76.6,16933744,83.47,83.79,76.11,76.6,16933744,0,1
2026-01-16,76.74,80.02,75.58,78.61,9931623,76.74,80.02,75.58,78.61,9931623,0,1
2026-01-20,75.7,77.4699,72.62,72.7,9911349,75.7,77.4699,72.62,72.7,9911349,0,1
2026-01-21,72.9,74.59,70.42,72.64,8343214,72.9,74.59,70.42,72.64,8343214,0,1
2026-01-22,73.55,73.81,70.76,71.35,7345911,73.55,73.81,70.76,71.35,7345911,0,1
2026-01-23,70.86,72.55,69.88,71.33,7506249,70.86,72.55,69.88,71.33,7506249,0,1
2026-01-26,70.01,72.43,69.85,70.9,7238009,70.01,72.43,69.85,70.9,7238009,0,1
2026-01-27,70.38,70.5381,67.5,69.96,10108548,70.38,70.5381,67.5,69.96,10108548,0,1
2026-01-28,72.86,77,71.91,72.84,16300635,72.86,77,71.91,72.84,16300635,0,1
2026-01-29,70.305,70.6,65.75,67.55,16968098,70.305,70.6,65.75,67.55,16968098,0,1
2026-01-30,66.6,66.91,61.8846,63.93,15737922,66.6,66.91,61.8846,63.93,15737922,0,1
2026-02-02,61.5,61.87,58.41,58.86,14468223,61.5,61.87,58.41,58.86,14468223,0,1
2026-02-03,60.1655,60.1655,53.76,56.16,16694569,60.1655,60.1655,53.76,56.16,16694569,0,1
2026-02-04,56.185,56.29,51.52,55.05,14495976,56.185,56.29,51.52,55.05,14495976,0,1
2026-02-05,53.63,54.4775,49.9,50.23,15489040,53.63,54.4775,49.9,50.23,15489040,0,1
2026-02-06,53.805,57.8,53.62,57.04,17508669,53.805,57.8,53.62,57.04,17508669,0,1
2026-02-09,56.33,60.88,55.7601,60.1,10755426,56.33,60.88,55.7601,60.1,10755426,0,1
2026-02-10,58.54,61.9999,58.3,59.75,7515459,58.54,61.9999,58.3,59.75,7515459,0,1
2026-02-11,59.11,59.17,55.89,57.86,8585457,59.11,59.17,55.89,57.86,8585457,0,1
2026-02-12,58.75,58.75,55.31,56.63,8567222,58.75,58.75,55.31,56.63,8567222,0,1
2026-02-13,58.44,62.2,57.23,60.04,12023912,58.44,62.2,57.23,60.04,12023912,0,1
2026-02-17,59.27,62.9,57.02,61.62,9686919,59.27,62.9,57.02,61.62,9686919,0,1
2026-02-18,62.125,64.7,61.2,63.15,7462457,62.125,64.7,61.2,63.15,7462457,0,1
2026-02-19,62.265,62.85,59.8,61.92,6951628,62.265,62.85,59.8,61.92,6951628,0,1
2026-02-20,62.25,65.5,61.5,63.02,9468580,62.25,65.5,61.5,63.02,9468580,0,1
2026-02-23,62.095,63.13,59.83,61.17,8797239,62.095,63.13,59.83,61.17,8797239,0,1
2026-02-24,60.39,62.9499,59.46,61.37,8283492,60.39,62.9499,59.46,61.37,8283492,0,1
2026-02-25,73.77,83.35,71.19,83.14,63849858,73.77,83.35,71.19,83.14,63849858,0,1
2026-02-26,81.565,90.6,81.23,87.21,41836480,81.565,90.6,81.23,87.21,41836480,0,1
2026-02-27,83.62,84.98,80.97,83.44,19295167,83.62,84.98,80.97,83.44,19295167,0,1
2026-03-02,80.8,96.61,80.23,96.14,32855525,80.8,96.61,80.23,96.14,32855525,0,1
2026-03-03,91.5,104.3,91.13,99.63,33367044,91.5,104.3,91.13,99.63,33367044,0,1
2026-03-04,102.8,106.35,101.4,105.27,24171031,102.8,106.35,101.4,105.27,24171031,0,1
2026-03-05,105.27,110.12,103.3,105.74,20902172,105.27,110.12,103.3,105.74,20902172,0,1
2026-03-06,102.82,106.29,100.07,101.91,19662242,102.82,106.29,100.07,101.91,19662242,0,1
2026-03-09,105.21,112.66,104.9,111.84,21509588,105.21,112.66,104.9,111.84,21509588,0,1
2026-03-10,113.44,121.8,112.8,118.09,24161113,113.44,121.8,112.8,118.09,24161113,0,1
2026-03-11,119.8,123.395,111.72,112.81,19437436,119.8,123.395,111.72,112.81,19437436,0,1
2026-03-12,113.045,117.78,112.15,114.18,12296244,113.045,117.78,112.15,114.18,12296244,0,1
2026-03-13,118.335,119.3,113.16,115.38,11354283,118.335,119.3,113.16,115.38,11354283,0,1
2026-03-16,120.15,126.5,119.77,125.83,18613507,120.15,126.5,119.77,125.83,18613507,0,1
2026-03-17,124.01,136.65,122.7401,132.31,23078297,124.01,136.65,122.7401,132.31,23078297,0,1
2026-03-18,131.49,135.486,128,132.84,16909301,131.49,135.486,128,132.84,16909301,0,1
2026-03-19,126.325,129.74,121.41,128.33,19498358,126.325,129.74,121.41,128.33,19498358,0,1
2026-03-20,127.975,132.38,122.91,126.03,22700757,127.975,132.38,122.91,126.03,22700757,0,1
2026-03-23,124.15,127.48,121.32,126.64,15857874,124.15,127.48,121.32,126.64,15857874,0,1
2026-03-24,126.35,127.08,98.31,101.17,57727940,126.35,127.08,98.31,101.17,57727940,0,1
2026-03-25,106.77,110.25,101.6,103.86,22176485,106.77,110.25,101.6,103.86,22176485,0,1
2026-03-26,101.91,103.55,97.31,98.27,15672027,101.91,103.55,97.31,98.27,15672027,0,1
2026-03-27,97.74,97.78,90.85,93.66,14551645,97.74,97.78,90.85,93.66,14551645,0,1
2026-03-30,96.26,96.5,88.2675,89.91,12851319,96.26,96.5,88.2675,89.91,12851319,0,1
2026-03-31,91.25,97.8,89.4,95.41,13703127,91.25,97.8,89.4,95.41,13703127,0,1
2026-04-01,98.415,99.4592,90.26,90.74,13882766,98.415,99.4592,90.26,90.74,13882766,0,1
2026-04-02,87.45,90.39,84.27,90.26,12667996,87.45,90.39,84.27,90.26,12667996,0,1
2026-04-06,93.09,94.6982,91.02,92.15,7658238,93.09,94.6982,91.02,92.15,7658238,0,1
2026-04-07,90.97,95.275,88,94.12,8346859,90.97,95.275,88,94.12,8346859,0,1
2026-04-08,101.29,101.82,93,94.44,10572651,101.29,101.82,93,94.44,10572651,0,1
2026-04-09,93.06,93.95,84.6,85.1,14780685,93.06,93.95,84.6,85.1,14780685,0,1
2026-04-10,88.05,90.33,84.91,88.04,9369388,88.05,90.33,84.91,88.04,9369388,0,1
2026-04-13,86.34,98.68,86.27,98.68,13915444,86.34,98.68,86.27,98.68,13915444,0,1
2026-04-14,102.26,110.5099,101.41,105.49,17543369,102.26,110.5099,101.41,105.49,17543369,0,1
2026-04-15,107.58,108.7,102.93,105.52,10641569,107.58,108.7,102.93,105.52,10641569,0,1
2026-04-16,107,108.04,101.7,107.46,9258258,107,108.04,101.7,107.46,9258258,0,1
2026-04-17,110.365,111.199,102.7,105.91,14543396,110.365,111.199,102.7,105.91,14543396,0,1
2026-04-20,102.48,106.5,98.5,106.36,11403779,102.48,106.5,98.5,106.36,11403779,0,1
2026-04-21,104.73,105.1,95.79,96.02,12539155,104.73,105.1,95.79,96.02,12539155,0,1
2026-04-22,99.95,105.79,99.375,104.36,13863167,99.95,105.79,99.375,104.36,13863167,0,1
2026-04-23,101.22,103.65,97.9,100.01,7325423,101.22,103.65,97.9,100.01,7325423,0,1
2026-04-24,102.265,103,97.56,99.66,6621370,102.265,103,97.56,99.66,6621370,0,1
2026-04-27,98.56,98.8,94.29,95.44,9583184,98.56,98.8,94.29,95.44,9583184,0,1
2026-04-28,92.5,95.3857,92.2616,94.35,6305333,92.5,95.3857,92.2616,94.35,6305333,0,1
2026-04-29,93.55,96.27,90.19,95.56,8599672,93.55,96.27,90.19,95.56,8599672,0,1
2026-04-30,95.29,95.29,89.9,90.88,9231881,95.29,95.29,89.9,90.88,9231881,0,1
2026-05-01,92.77,100.01,92.21,99.7,10127566,92.77,100.01,92.21,99.7,10127566,0,1
2026-05-04,107.13,119.99,106.9,119.53,32606547,107.13,119.99,106.9,119.53,32606547,0,1
2026-05-05,121.4,121.4,112.45,114.19,22578409,121.4,121.4,112.45,114.19,22578409,0,1
2026-05-06,115,122.86,113.2001,121.8,19293027,115,122.86,113.2001,121.8,19293027,0,1
2026-05-07,118.26,120.48,109.6,113.25,21476759,118.26,120.48,109.6,113.25,21476759,0,1
2026-05-08,114.26,115,108.91,113.67,16763713,114.26,115,108.91,113.67,16763713,0,1
2026-05-11,118.85,134.8,105.36,131.76,49792979,118.85,134.8,105.36,131.76,49792979,0,1
2026-05-12,129.99,140,120.5,123.65,29501803,129.99,140,120.5,123.65,29501803,0,1
2026-05-13,125.73,130.7299,118.2001,126.57,19433416,125.73,130.7299,118.2001,126.57,19433416,0,1
2026-05-14,123.6,132.44,118.3647,123.88,23591995,123.6,132.44,118.3647,123.88,23591995,0,1
2026-05-15,117.47,118.26,111.39,114,17958161,117.47,118.26,111.39,114,17958161,0,1
2026-05-18,112.1,114.78,107.21,111.39,12562856,112.1,114.78,107.21,111.39,12562856,0,1
2026-05-19,109.2,115.3599,108.6724,111.03,10704677,109.2,115.3599,108.6724,111.03,10704677,0,1
2026-05-20,111.37,113.48,109.06,111.62,6874250,111.37,113.48,109.06,111.62,6874250,0,1
2026-05-21,111,117.935,110.43,114.88,10864696,111,117.935,110.43,114.88,10864696,0,1
2026-05-22,116.12,118.85,112.2,113.12,9796022,116.12,118.85,112.2,113.12,9796022,0,1
2026-05-26,112.22,113.04,104.14,104.17,15862287,112.22,113.04,104.14,104.17,15862287,0,1
2026-05-27,103,106.6,102.33,102.64,8300661,103,106.6,102.33,102.64,8300661,0,1
2026-05-28,101.44,108.38,97.69,108.24,11835345,101.44,108.38,97.69,108.24,11835345,0,1
2026-05-29,108.03,114.4399,106.75,113,24738858,108.03,114.4399,106.75,113,24738858,0,1
2026-06-01,108.72,109.5,104.26,104.97,14307315,108.72,109.5,104.26,104.97,14307315,0,1
2026-06-02,101.88,103.77,98.55,100.85,14601265,101.88,103.77,98.55,100.85,14601265,0,1
2026-06-03,99.175,99.175,90.13,90.13,16370840,99.175,99.175,90.13,90.13,16370840,0,1
2026-06-04,90.89,95.18,89.2,90.54,12226826,90.89,95.18,89.2,90.54,12226826,0,1
2026-06-05,88.11,88.11,78.41,80.28,24729291,88.11,88.11,78.41,80.28,24729291,0,1
2026-06-08,84.01,84.13,81.4,82.53,10609373,84.01,84.13,81.4,82.53,10609373,0,1
2026-06-09,81.165,87.38,77.87,81.1,13527302,81.165,87.38,77.87,81.1,13527302,0,1
2026-06-10,78.93,84.3,78.6,78.93,8420756,78.93,84.3,78.6,78.93,8420756,0,1
2026-06-11,79.5,83.91,78.61,82.63,8856758,79.5,83.91,78.61,82.63,8856758,0,1
2026-06-12,82.01,82.05,77.61,77.84,12394324,82.01,82.05,77.61,77.84,12394324,0,1
2026-06-15,82.89,87.3,82.41,83.37,15478954,82.89,87.3,82.41,83.37,15478954,0,1
2026-06-16,82.5,82.92,78.7105,79.72,9859940,82.5,82.92,78.7105,79.72,9859940,0,1
2026-06-17,79.1,85.24,78.5,80.59,9891110,79.1,85.24,78.5,80.59,9891110,0,1
2026-06-18,80.28,81.4003,76.84,80.23,14862985,80.28,81.4003,76.84,80.23,14862985,0,1
2026-06-22,81.25,84.86,78.97,79.95,9694456,81.25,84.86,78.97,79.95,9694456,0,1
2026-06-23,76.11,78.2194,74.7,75.68,8875094,76.11,78.2194,74.7,75.68,8875094,0,1
2026-06-24,75.6,75.6,70.07,70.98,11283555,75.6,75.6,70.07,70.98,11283555,0,1
2026-06-25,71.3,71.57,67.51,68.81,10894720,71.3,71.57,67.51,68.81,10894720,0,1
2026-06-26,67.92,74.45,67.365,73.57,14419025,67.92,74.45,67.365,73.57,14419025,0,1
2026-06-29,75.18,76.15,72.39,75.96,9184715,75.18,76.15,72.39,75.96,9184715,0,1
2026-06-30,72.25,73.2,62.52,62.63,38127225,72.25,73.2,62.52,62.63,38127225,0,1
2026-07-01,63.71,66.25,61.7725,61.95,24659218,63.71,66.25,61.7725,61.95,24659218,0,1
2026-07-02,63.81,69.249,63.66,64.62,17752196,63.81,69.249,63.66,64.62,17752196,0,1
2026-07-06,64.56,69.98,62.95,68.65,13085911,64.56,69.98,62.95,68.65,13085911,0,1
2026-07-07,67.75,69.05,64.5776,65.15,8443834,67.75,69.05,64.5776,65.15,8443834,0,1
2026-07-08,64.19,64.48,61.875,64.07,8525615,64.19,64.48,61.875,64.07,8525615,0,1
2026-07-09,62.95,64.8,61.6662,63.01,9366304,62.95,64.8,61.6662,63.01,9366304,0,1
2026-07-10,70.66,72.855,65.07,66.14,36802133,70.66,72.855,65.07,66.14,36802133,0,1
2026-07-13,64.42,66.1,62.36,63,12888805,64.42,66.1,62.36,63,12888805,0,1
2026-07-14,61.655,63.49,59.29,63.22,15796898,61.655,63.49,59.29,63.22,15796898,0,1
2026-07-15,64.46,66.845,63.25,65.69,12928255,64.46,66.845,63.25,65.69,12928255,0,1
2026-07-16,64.43,64.9,60.3603,60.64,9798148,64.43,64.9,60.3603,60.64,9798148,0,1
2026-07-17,59.18,62.4,58.68,60.46,8757976,59.18,62.4,58.68,60.46,8757976,0,1
2026-07-20,60.95,66.98,60.87,65.45,13867083,60.95,66.98,60.87,65.45,13867083,0,1
2026-07-21,68.94,72.675,68.645,71.08,18181295,68.94,72.675,68.645,71.08,18181295,0,1
2026-07-22,67.95,70.23,65.35,66.16,10842634,67.95,70.23,65.35,66.16,10842634,0,1
2026-07-23,65,65.41,61.35,62.18,10409683,65,65.41,61.35,62.18,10409683,0,1
2026-07-24,61.62,63.18,59.96,62.36,8358531,61.62,63.18,59.96,62.36,8358531,0,1
2026-07-27,63.63,66.24,62.6106,65.67,8661233,63.63,66.24,62.6106,65.67,8661233,0,1
2026-07-28,62.03,65.88,61.23,64.32,8128249,62.03,65.88,61.23,64.32,8128249,0,1
2026-07-29,63.16,64.47,60.55,61.36,7733977,63.16,64.47,60.55,61.36,7733977,0,1
2026-07-30,61.48,64.64,61,64.24,8150294,61.48,64.64,61,64.24,8150294,0,1
2026-07-31,62.72,63.51,58.66,62.61,13726385,62.72,63.51,58.66,62.61,13726385,0,1
2026-08-03,58.98,61.38,57.84,60.35,15928825,58.98,61.38,57.84,60.35,15928825,0,1
2026-08-04,60.3,64.365,60.07,63.25,12757725,60.3,64.365,60.07,63.25,12757725,0,1
2026-08-05,61.96,64.2,59.12,63.28,20101174,61.96,64.2,59.12,63.28,20101174,0,1
2026-08-06,61.24,65.905,60.01,63.28,12340017,61.24,65.905,60.01,63.28,12340017,0,1
2026-08-07,65.65,68.4,64.7817,66.67,12164512,65.65,68.4,64.7817,66.67,12164512,0,1
2026-08-10,67.15,67.48,64.5,67.05,7901725,67.15,67.48,64.5,67.05,7901725,0,1
2026-08-11,69.01,73.35,67.7,71.16,14290936,69.01,73.35,67.7,71.16,14290936,0,1
2026-08-12,71.84,72.38,68.81,71.28,8679213,71.84,72.38,68.81,71.28,8679213,0,1
2026-08-13,70.11,75.89,70.01,75.38,10750410,70.11,75.89,70.01,75.38,10750410,0,1
2026-08-14,74.46,74.62,71.2001,71.6,8581625,74.46,74.62,71.2001,71.6,8581625,0,1
2026-08-17,71.205,75.67,70.7265,74.59,9772450,71.205,75.67,70.7265,74.59,9772450,0,1
2026-08-18,72.81,74.22,71.41,71.73,9000531,72.81,74.22,71.41,71.73,9000531,0,1
2026-08-19,73.765,81.22,73.69,78.59,23236847,73.765,81.22,73.69,78.59,23236847,0,1
2026-08-20,82.99,85.28,79.5,83.66,22190550,82.99,85.28,79.5,83.66,22190550,0,1
2026-08-21,87.98,92.97,86.36,87.98,26017965,87.98,92.97,86.36,87.98,26017965,0,1
2026-08-24,89.93,92.307,86.64,87.72,17470056,89.93,92.307,86.64,87.72,17470056,0,1
2026-08-25,84.73,93.45,84.25,92.02,18132203,84.73,93.45,84.25,92.02,18132203,0,1
2026-08-26,89.71,92.9561,87.02,89.91,15275084,89.71,92.9561,87.02,89.91,15275084,0,1
2026-08-27,92.15,96.2388,90.35,94.24,14319009,92.15,96.2388,90.35,94.24,14319009,0,1
2026-08-28,92.61,93.958,86.91,87.14,14725943,92.61,93.958,86.91,87.14,14725943,0,1
2026-08-31,87.04,96.4,86.42,95.55,19885754,87.04,96.4,86.42,95.55,19885754,0,1
2026-09-01,92.125,93.3,88.11,89.48,13697604,92.125,93.3,88.11,89.48,13697604,0,1
2026-09-02,87.755,89.68,85.87,88.64,8368578,87.755,89.68,85.87,88.64,8368578,0,1
2026-09-03,92.075,103.28,91.7,103.23,24346272,92.075,103.28,91.7,103.23,24346272,0,1
